transaction_id,date,customer_id,gender,age,product_category,quantity,price_per_unit,total_amount
1,2023-11-24,CUST001,Male,0.34782608695652173,Beauty,0.6666666666666667,0.05263157894736842,0.06329113924050633
2,2023-02-27,CUST002,Female,0.17391304347826086,Clothing,0.3333333333333333,1.0,0.4936708860759494
3,2023-01-13,CUST003,Male,0.6956521739130435,Electronics,0.0,0.01052631578947369,0.0025316455696202528
4,2023-05-21,CUST004,Male,0.4130434782608696,Clothing,0.0,1.0,0.24050632911392406
5,2023-05-06,CUST005,Male,0.26086956521739135,Beauty,0.3333333333333333,0.05263157894736842,0.037974683544303806
6,2023-04-25,CUST006,Female,0.5869565217391305,Beauty,0.0,0.01052631578947369,0.0025316455696202528
7,2023-03-13,CUST007,Male,0.6086956521739131,Clothing,0.3333333333333333,0.0,0.012658227848101267
8,2023-02-22,CUST008,Male,0.26086956521739135,Electronics,1.0,0.0,0.037974683544303806
9,2023-12-13,CUST009,Male,0.9782608695652173,Electronics,0.3333333333333333,0.5789473684210527,0.2911392405063291
10,2023-10-07,CUST010,Female,0.7391304347826086,Clothing,1.0,0.05263157894736842,0.08860759493670887
11,2023-02-14,CUST011,Male,0.10869565217391308,Clothing,0.3333333333333333,0.05263157894736842,0.037974683544303806
12,2023-10-30,CUST012,Male,0.3695652173913043,Beauty,0.6666666666666667,0.0,0.02531645569620253
13,2023-08-05,CUST013,Male,0.08695652173913049,Electronics,0.6666666666666667,1.0,0.7468354430379748
14,2023-01-17,CUST014,Male,1.0,Clothing,1.0,0.01052631578947369,0.04810126582278482
15,2023-01-16,CUST015,Female,0.5217391304347826,Electronics,1.0,1.0,1.0
16,2023-02-17,CUST016,Male,0.02173913043478265,Clothing,0.6666666666666667,1.0,0.7468354430379748
17,2023-04-22,CUST017,Female,0.19565217391304346,Clothing,1.0,0.0,0.037974683544303806
18,2023-04-30,CUST018,Female,0.6304347826086956,Electronics,0.3333333333333333,0.0,0.012658227848101267
19,2023-09-16,CUST019,Female,0.9565217391304348,Clothing,0.3333333333333333,0.0,0.012658227848101267
20,2023-11-05,CUST020,Male,0.08695652173913049,Clothing,0.6666666666666667,0.5789473684210527,0.44303797468354433
21,2023-01-14,CUST021,Female,0.6956521739130435,Beauty,0.0,1.0,0.24050632911392406
22,2023-10-15,CUST022,Male,0.0,Clothing,0.3333333333333333,0.05263157894736842,0.037974683544303806
23,2023-04-12,CUST023,Female,0.3695652173913043,Clothing,1.0,0.01052631578947369,0.04810126582278482
24,2023-11-29,CUST024,Female,0.673913043478261,Clothing,0.0,0.5789473684210527,0.13924050632911392
25,2023-12-26,CUST025,Female,1.0,Beauty,0.0,0.05263157894736842,0.012658227848101267
26,2023-10-07,CUST026,Female,0.21739130434782616,Electronics,0.3333333333333333,1.0,0.4936708860759494
27,2023-08-03,CUST027,Female,0.4347826086956522,Beauty,0.3333333333333333,0.0,0.012658227848101267
28,2023-04-23,CUST028,Female,0.5434782608695652,Beauty,0.0,1.0,0.24050632911392406
29,2023-08-18,CUST029,Female,0.5217391304347826,Electronics,0.0,0.01052631578947369,0.0025316455696202528
30,2023-10-29,CUST030,Female,0.4565217391304348,Beauty,0.6666666666666667,0.5789473684210527,0.44303797468354433
31,2023-05-23,CUST031,Male,0.5652173913043479,Electronics,1.0,0.5789473684210527,0.5949367088607596
32,2023-01-04,CUST032,Male,0.26086956521739135,Beauty,0.6666666666666667,0.01052631578947369,0.032911392405063286
33,2023-03-23,CUST033,Female,0.6956521739130435,Electronics,0.3333333333333333,0.05263157894736842,0.037974683544303806
34,2023-12-24,CUST034,Female,0.7173913043478262,Clothing,0.6666666666666667,0.05263157894736842,0.06329113924050633
35,2023-08-05,CUST035,Female,0.8695652173913044,Beauty,0.6666666666666667,0.5789473684210527,0.44303797468354433
36,2023-06-24,CUST036,Male,0.7391304347826086,Beauty,0.6666666666666667,0.5789473684210527,0.44303797468354433
37,2023-05-23,CUST037,Female,0.0,Beauty,0.6666666666666667,0.0,0.02531645569620253
38,2023-03-21,CUST038,Male,0.4347826086956522,Beauty,1.0,0.05263157894736842,0.08860759493670887
39,2023-04-21,CUST039,Male,0.10869565217391308,Clothing,1.0,0.01052631578947369,0.04810126582278482
40,2023-06-22,CUST040,Male,0.5869565217391305,Beauty,0.0,0.05263157894736842,0.012658227848101267
41,2023-02-22,CUST041,Male,0.34782608695652173,Clothing,0.3333333333333333,0.0,0.012658227848101267
42,2023-02-17,CUST042,Male,0.08695652173913049,Clothing,0.6666666666666667,0.5789473684210527,0.44303797468354433
43,2023-07-14,CUST043,Female,0.6521739130434783,Clothing,0.0,0.5789473684210527,0.13924050632911392
44,2023-02-19,CUST044,Female,0.08695652173913049,Clothing,0.0,0.0,0.0
45,2023-07-03,CUST045,Female,0.8043478260869565,Electronics,0.0,0.01052631578947369,0.0025316455696202528
46,2023-06-26,CUST046,Female,0.043478260869565244,Electronics,1.0,0.5789473684210527,0.5949367088607596
47,2023-11-06,CUST047,Female,0.4782608695652174,Beauty,0.6666666666666667,1.0,0.7468354430379748
48,2023-05-16,CUST048,Male,0.7826086956521738,Electronics,0.6666666666666667,0.5789473684210527,0.44303797468354433
49,2023-01-23,CUST049,Female,0.7826086956521738,Electronics,0.3333333333333333,1.0,0.4936708860759494
50,2023-08-24,CUST050,Female,0.19565217391304346,Beauty,0.6666666666666667,0.0,0.02531645569620253
51,2023-10-02,CUST051,Male,0.19565217391304346,Beauty,0.6666666666666667,0.0,0.02531645569620253
52,2023-03-05,CUST052,Female,0.3913043478260869,Beauty,0.0,0.5789473684210527,0.13924050632911392
53,2023-07-13,CUST053,Male,0.34782608695652173,Electronics,0.3333333333333333,0.05263157894736842,0.037974683544303806
54,2023-02-10,CUST054,Female,0.4347826086956522,Electronics,0.6666666666666667,1.0,0.7468354430379748
55,2023-10-10,CUST055,Male,0.28260869565217395,Beauty,1.0,0.01052631578947369,0.04810126582278482
56,2023-05-31,CUST056,Female,0.17391304347826086,Clothing,0.6666666666666667,0.5789473684210527,0.44303797468354433
57,2023-11-18,CUST057,Female,0.9782608695652173,Beauty,0.0,0.01052631578947369,0.0025316455696202528
58,2023-11-13,CUST058,Male,0.0,Clothing,1.0,0.5789473684210527,0.5949367088607596
59,2023-07-05,CUST059,Male,0.9565217391304348,Clothing,0.0,0.05263157894736842,0.012658227848101267
60,2023-10-23,CUST060,Male,0.26086956521739135,Beauty,0.6666666666666667,0.05263157894736842,0.06329113924050633
61,2023-04-09,CUST061,Male,0.06521739130434784,Beauty,1.0,0.05263157894736842,0.08860759493670887
62,2023-12-27,CUST062,Male,0.0,Beauty,0.3333333333333333,0.05263157894736842,0.037974683544303806
63,2023-02-05,CUST063,Male,0.8478260869565217,Electronics,0.3333333333333333,0.0,0.012658227848101267
64,2023-01-24,CUST064,Male,0.673913043478261,Clothing,1.0,0.0,0.037974683544303806
65,2023-12-05,CUST065,Male,0.7173913043478262,Electronics,1.0,1.0,1.0
66,2023-04-27,CUST066,Female,0.5869565217391305,Electronics,0.0,0.01052631578947369,0.0025316455696202528
67,2023-05-29,CUST067,Female,0.6521739130434783,Beauty,1.0,0.5789473684210527,0.5949367088607596
68,2023-02-10,CUST068,Male,0.15217391304347827,Electronics,0.0,0.5789473684210527,0.13924050632911392
69,2023-04-30,CUST069,Female,0.8260869565217392,Beauty,0.6666666666666667,0.0,0.02531645569620253
70,2023-02-21,CUST070,Female,0.5434782608695652,Clothing,0.0,0.5789473684210527,0.13924050632911392
71,2023-07-14,CUST071,Female,0.7173913043478262,Beauty,1.0,0.0,0.037974683544303806
72,2023-05-23,CUST072,Female,0.043478260869565244,Electronics,1.0,1.0,1.0
73,2023-08-21,CUST073,Male,0.23913043478260876,Electronics,0.6666666666666667,0.01052631578947369,0.032911392405063286
74,2023-11-22,CUST074,Female,0.0,Beauty,1.0,1.0,1.0
75,2023-07-06,CUST075,Male,0.9347826086956521,Beauty,1.0,0.05263157894736842,0.08860759493670887
76,2023-03-25,CUST076,Female,0.08695652173913049,Electronics,0.3333333333333333,0.05263157894736842,0.037974683544303806
77,2023-07-09,CUST077,Female,0.6304347826086956,Clothing,0.3333333333333333,0.05263157894736842,0.037974683544303806
78,2023-07-01,CUST078,Female,0.6304347826086956,Clothing,0.6666666666666667,1.0,0.7468354430379748
79,2023-04-18,CUST079,Male,0.34782608695652173,Beauty,0.0,0.5789473684210527,0.13924050632911392
80,2023-12-10,CUST080,Female,1.0,Clothing,0.3333333333333333,0.01052631578947369,0.017721518987341773
81,2023-05-17,CUST081,Male,0.4782608695652174,Electronics,0.0,0.05263157894736842,0.012658227848101267
82,2023-12-26,CUST082,Female,0.30434782608695654,Beauty,1.0,0.05263157894736842,0.08860759493670887
83,2023-12-16,CUST083,Male,0.7826086956521738,Electronics,0.3333333333333333,0.05263157894736842,0.037974683544303806
84,2023-11-28,CUST084,Female,0.4347826086956522,Electronics,0.6666666666666667,0.01052631578947369,0.032911392405063286
85,2023-02-06,CUST085,Male,0.28260869565217395,Clothing,0.6666666666666667,0.05263157894736842,0.06329113924050633
86,2023-11-08,CUST086,Male,0.02173913043478265,Beauty,0.6666666666666667,0.01052631578947369,0.032911392405063286
87,2023-11-22,CUST087,Female,0.21739130434782616,Beauty,0.3333333333333333,0.05263157894736842,0.037974683544303806
88,2023-03-29,CUST088,Male,0.8260869565217392,Clothing,0.0,1.0,0.24050632911392406
89,2023-10-01,CUST089,Female,0.8043478260869565,Electronics,1.0,1.0,1.0
90,2023-05-06,CUST090,Female,0.7173913043478262,Electronics,0.0,0.01052631578947369,0.0025316455696202528
91,2023-03-25,CUST091,Female,0.8043478260869565,Electronics,0.0,1.0,0.24050632911392406
92,2023-08-25,CUST092,Female,0.7173913043478262,Electronics,1.0,0.01052631578947369,0.04810126582278482
93,2023-07-14,CUST093,Female,0.3695652173913043,Beauty,1.0,1.0,1.0
94,2023-05-19,CUST094,Female,0.6304347826086956,Beauty,0.3333333333333333,1.0,0.4936708860759494
95,2023-11-24,CUST095,Female,0.30434782608695654,Clothing,0.3333333333333333,0.01052631578947369,0.017721518987341773
96,2023-12-19,CUST096,Female,0.5652173913043479,Clothing,0.3333333333333333,0.5789473684210527,0.2911392405063291
97,2023-10-13,CUST097,Female,0.7173913043478262,Beauty,0.3333333333333333,1.0,0.4936708860759494
98,2023-04-23,CUST098,Female,0.8043478260869565,Beauty,0.3333333333333333,0.05263157894736842,0.037974683544303806
99,2023-12-17,CUST099,Female,0.6956521739130435,Electronics,1.0,0.5789473684210527,0.5949367088607596
100,2023-06-16,CUST100,Male,0.5,Electronics,0.0,0.01052631578947369,0.0025316455696202528
101,2023-01-29,CUST101,Male,0.30434782608695654,Clothing,0.3333333333333333,0.5789473684210527,0.2911392405063291
102,2023-04-28,CUST102,Female,0.6304347826086956,Beauty,0.3333333333333333,0.0,0.012658227848101267
103,2023-01-17,CUST103,Female,0.8913043478260869,Clothing,0.0,0.0,0.0
104,2023-06-11,CUST104,Female,0.34782608695652173,Beauty,0.3333333333333333,1.0,0.4936708860759494
105,2023-07-25,CUST105,Female,0.08695652173913049,Electronics,0.0,1.0,0.24050632911392406
106,2023-05-18,CUST106,Female,0.6086956521739131,Clothing,0.0,0.05263157894736842,0.012658227848101267
107,2023-02-03,CUST107,Female,0.06521739130434784,Clothing,1.0,0.5789473684210527,0.5949367088607596
108,2023-04-19,CUST108,Female,0.19565217391304346,Beauty,0.6666666666666667,0.0,0.02531645569620253
109,2023-10-18,CUST109,Female,0.34782608695652173,Electronics,1.0,1.0,1.0
110,2023-06-11,CUST110,Male,0.19565217391304346,Clothing,0.6666666666666667,0.5789473684210527,0.44303797468354433
111,2023-04-19,CUST111,Female,0.34782608695652173,Electronics,0.6666666666666667,1.0,0.7468354430379748
112,2023-12-02,CUST112,Male,0.4130434782608696,Clothing,0.6666666666666667,1.0,0.7468354430379748
113,2023-09-13,CUST113,Female,0.5,Electronics,0.3333333333333333,0.0,0.012658227848101267
114,2023-07-22,CUST114,Female,0.08695652173913049,Beauty,1.0,0.0,0.037974683544303806
115,2023-11-26,CUST115,Male,0.7173913043478262,Clothing,0.6666666666666667,1.0,0.7468354430379748
116,2023-08-23,CUST116,Female,0.10869565217391308,Clothing,0.0,0.01052631578947369,0.0025316455696202528
117,2023-03-15,CUST117,Male,0.02173913043478265,Electronics,0.3333333333333333,1.0,0.4936708860759494
118,2023-05-16,CUST118,Female,0.26086956521739135,Electronics,1.0,1.0,1.0
119,2023-03-13,CUST119,Female,0.9130434782608696,Clothing,0.6666666666666667,0.05263157894736842,0.06329113924050633
120,2023-05-07,CUST120,Male,0.9130434782608696,Beauty,0.0,0.05263157894736842,0.012658227848101267
121,2023-10-15,CUST121,Female,0.21739130434782616,Electronics,1.0,0.05263157894736842,0.08860759493670887
122,2023-10-03,CUST122,Male,1.0,Electronics,1.0,0.01052631578947369,0.04810126582278482
123,2023-05-15,CUST123,Female,0.4782608695652174,Electronics,0.3333333333333333,0.01052631578947369,0.017721518987341773
124,2023-10-27,CUST124,Male,0.32608695652173914,Clothing,1.0,1.0,1.0
125,2023-08-08,CUST125,Male,0.6521739130434783,Clothing,0.3333333333333333,0.05263157894736842,0.037974683544303806
126,2023-10-26,CUST126,Female,0.21739130434782616,Clothing,0.6666666666666667,0.01052631578947369,0.032911392405063286
127,2023-07-24,CUST127,Female,0.32608695652173914,Clothing,0.3333333333333333,0.0,0.012658227848101267
128,2023-07-05,CUST128,Male,0.15217391304347827,Beauty,0.0,1.0,0.24050632911392406
129,2023-04-23,CUST129,Female,0.06521739130434784,Beauty,0.3333333333333333,0.5789473684210527,0.2911392405063291
130,2023-03-12,CUST130,Female,0.8478260869565217,Clothing,0.0,1.0,0.24050632911392406
131,2023-09-18,CUST131,Female,0.06521739130434784,Beauty,0.3333333333333333,0.5789473684210527,0.2911392405063291
132,2023-09-10,CUST132,Male,0.5217391304347826,Electronics,1.0,0.05263157894736842,0.08860759493670887
133,2023-02-16,CUST133,Male,0.043478260869565244,Electronics,0.6666666666666667,0.5789473684210527,0.44303797468354433
134,2023-01-25,CUST134,Male,0.673913043478261,Electronics,0.0,0.05263157894736842,0.012658227848101267
135,2023-02-26,CUST135,Male,0.043478260869565244,Clothing,0.3333333333333333,0.0,0.012658227848101267
136,2023-03-20,CUST136,Male,0.5652173913043479,Electronics,0.3333333333333333,0.5789473684210527,0.2911392405063291
137,2023-11-18,CUST137,Male,0.6086956521739131,Beauty,0.3333333333333333,1.0,0.4936708860759494
138,2023-03-23,CUST138,Male,0.673913043478261,Clothing,1.0,0.05263157894736842,0.08860759493670887
139,2023-12-15,CUST139,Male,0.3913043478260869,Beauty,1.0,1.0,1.0
140,2023-08-05,CUST140,Male,0.4347826086956522,Electronics,0.0,0.01052631578947369,0.0025316455696202528
141,2023-11-02,CUST141,Female,0.08695652173913049,Electronics,0.0,0.05263157894736842,0.012658227848101267
142,2023-02-02,CUST142,Male,0.3695652173913043,Electronics,1.0,0.5789473684210527,0.5949367088607596
143,2023-07-17,CUST143,Female,0.5869565217391305,Clothing,0.0,0.05263157894736842,0.012658227848101267
144,2023-07-15,CUST144,Female,0.8913043478260869,Beauty,0.6666666666666667,1.0,0.7468354430379748
145,2023-11-02,CUST145,Female,0.4565217391304348,Clothing,0.6666666666666667,0.0,0.02531645569620253
146,2023-08-28,CUST146,Male,0.4347826086956522,Clothing,1.0,0.05263157894736842,0.08860759493670887
147,2023-09-28,CUST147,Male,0.10869565217391308,Electronics,0.0,0.5789473684210527,0.13924050632911392
148,2023-05-09,CUST148,Male,0.0,Clothing,0.3333333333333333,0.01052631578947369,0.017721518987341773
149,2023-10-11,CUST149,Male,0.08695652173913049,Clothing,0.6666666666666667,0.0,0.02531645569620253
150,2023-01-06,CUST150,Female,0.8695652173913044,Electronics,1.0,0.01052631578947369,0.04810126582278482
151,2023-12-15,CUST151,Male,0.23913043478260876,Clothing,0.0,0.05263157894736842,0.012658227848101267
152,2023-02-28,CUST152,Male,0.5434782608695652,Electronics,1.0,1.0,1.0
153,2023-12-16,CUST153,Male,0.9782608695652173,Electronics,0.3333333333333333,1.0,0.4936708860759494
154,2023-10-02,CUST154,Male,0.7173913043478262,Electronics,0.6666666666666667,0.5789473684210527,0.44303797468354433
155,2023-05-17,CUST155,Male,0.28260869565217395,Electronics,1.0,1.0,1.0
156,2023-11-25,CUST156,Female,0.5434782608695652,Clothing,1.0,0.0,0.037974683544303806
157,2023-06-24,CUST157,Male,0.9565217391304348,Electronics,1.0,1.0,1.0
158,2023-02-27,CUST158,Female,0.5652173913043479,Electronics,0.3333333333333333,0.5789473684210527,0.2911392405063291
159,2023-05-31,CUST159,Male,0.17391304347826086,Clothing,1.0,0.05263157894736842,0.08860759493670887
160,2023-08-11,CUST160,Female,0.5434782608695652,Clothing,0.3333333333333333,0.05263157894736842,0.037974683544303806
161,2023-03-22,CUST161,Male,1.0,Beauty,0.3333333333333333,1.0,0.4936708860759494
162,2023-08-21,CUST162,Male,0.4565217391304348,Clothing,0.3333333333333333,0.01052631578947369,0.017721518987341773
163,2023-01-02,CUST163,Female,1.0,Clothing,0.6666666666666667,0.05263157894736842,0.06329113924050633
164,2023-05-15,CUST164,Female,0.6304347826086956,Beauty,0.6666666666666667,1.0,0.7468354430379748
165,2023-09-14,CUST165,Female,0.9130434782608696,Clothing,1.0,0.5789473684210527,0.5949367088607596
166,2023-04-02,CUST166,Male,0.34782608695652173,Clothing,1.0,1.0,1.0
167,2023-09-17,CUST167,Female,0.5434782608695652,Clothing,0.6666666666666667,0.05263157894736842,0.06329113924050633
168,2023-02-24,CUST168,Male,0.7608695652173914,Clothing,0.0,0.5789473684210527,0.13924050632911392
169,2023-11-17,CUST169,Male,0.0,Beauty,0.6666666666666667,1.0,0.7468354430379748
170,2023-06-02,CUST170,Female,0.15217391304347827,Clothing,0.3333333333333333,0.0,0.012658227848101267
171,2023-11-24,CUST171,Female,0.7391304347826086,Clothing,0.6666666666666667,0.5789473684210527,0.44303797468354433
172,2023-09-17,CUST172,Male,0.30434782608695654,Beauty,0.3333333333333333,0.0,0.012658227848101267
173,2023-11-08,CUST173,Male,1.0,Electronics,1.0,0.01052631578947369,0.04810126582278482
174,2023-04-12,CUST174,Female,0.4565217391304348,Beauty,0.0,0.5789473684210527,0.13924050632911392
175,2023-03-20,CUST175,Female,0.28260869565217395,Electronics,1.0,0.0,0.037974683544303806
176,2023-07-11,CUST176,Female,0.5434782608695652,Beauty,0.3333333333333333,0.05263157894736842,0.037974683544303806
177,2023-03-24,CUST177,Male,0.5869565217391305,Beauty,0.3333333333333333,0.05263157894736842,0.037974683544303806
178,2023-10-04,CUST178,Male,0.4782608695652174,Clothing,0.3333333333333333,0.01052631578947369,0.017721518987341773
179,2023-09-29,CUST179,Male,0.28260869565217395,Electronics,0.0,0.5789473684210527,0.13924050632911392
180,2023-01-01,CUST180,Male,0.5,Clothing,0.6666666666666667,0.5789473684210527,0.44303797468354433
181,2023-11-03,CUST181,Male,0.02173913043478265,Electronics,1.0,0.5789473684210527,0.5949367088607596
182,2023-06-15,CUST182,Male,0.9565217391304348,Beauty,1.0,0.01052631578947369,0.04810126582278482
183,2023-09-08,CUST183,Female,0.5434782608695652,Beauty,0.6666666666666667,0.5789473684210527,0.44303797468354433
184,2023-01-10,CUST184,Male,0.28260869565217395,Electronics,1.0,0.05263157894736842,0.08860759493670887
185,2023-02-27,CUST185,Male,0.13043478260869568,Clothing,0.0,0.0,0.0
186,2023-07-05,CUST186,Male,0.043478260869565244,Clothing,1.0,0.05263157894736842,0.08860759493670887
187,2023-06-07,CUST187,Female,1.0,Clothing,0.3333333333333333,0.05263157894736842,0.037974683544303806
188,2023-05-03,CUST188,Male,0.4782608695652174,Clothing,0.6666666666666667,0.0,0.02531645569620253
189,2023-01-30,CUST189,Male,0.9782608695652173,Beauty,0.0,0.05263157894736842,0.012658227848101267
190,2023-05-04,CUST190,Female,0.9130434782608696,Beauty,0.6666666666666667,0.01052631578947369,0.032911392405063286
191,2023-10-18,CUST191,Male,1.0,Beauty,0.0,0.0,0.0
192,2023-02-10,CUST192,Male,0.9565217391304348,Beauty,0.3333333333333333,0.05263157894736842,0.037974683544303806
193,2023-02-13,CUST193,Male,0.3695652173913043,Beauty,0.6666666666666667,1.0,0.7468354430379748
194,2023-09-06,CUST194,Male,0.8043478260869565,Clothing,1.0,0.05263157894736842,0.08860759493670887
195,2023-02-05,CUST195,Male,0.7391304347826086,Clothing,0.0,0.01052631578947369,0.0025316455696202528
196,2023-09-30,CUST196,Female,0.30434782608695654,Clothing,0.6666666666666667,0.5789473684210527,0.44303797468354433
197,2023-03-06,CUST197,Female,0.5217391304347826,Clothing,1.0,0.05263157894736842,0.08860759493670887
198,2023-03-07,CUST198,Female,0.7826086956521738,Beauty,0.6666666666666667,0.5789473684210527,0.44303797468354433
199,2023-12-04,CUST199,Male,0.5869565217391305,Beauty,0.6666666666666667,1.0,0.7468354430379748
200,2023-09-01,CUST200,Male,0.19565217391304346,Beauty,0.6666666666666667,0.05263157894736842,0.06329113924050633
201,2023-10-09,CUST201,Male,0.8260869565217392,Electronics,0.0,0.0,0.0
202,2023-03-26,CUST202,Female,0.34782608695652173,Clothing,1.0,0.5789473684210527,0.5949367088607596
203,2023-05-16,CUST203,Male,0.8260869565217392,Clothing,0.3333333333333333,1.0,0.4936708860759494
204,2023-09-28,CUST204,Male,0.4565217391304348,Beauty,0.0,0.0,0.0
205,2023-11-07,CUST205,Female,0.5434782608695652,Clothing,0.0,0.0,0.0
206,2023-08-05,CUST206,Male,0.9347826086956521,Clothing,0.0,0.0,0.0
207,2023-04-19,CUST207,Female,0.5217391304347826,Beauty,0.3333333333333333,0.0,0.012658227848101267
208,2023-10-04,CUST208,Female,0.34782608695652173,Electronics,1.0,0.05263157894736842,0.08860759493670887
209,2023-12-20,CUST209,Female,0.26086956521739135,Electronics,1.0,0.05263157894736842,0.08860759493670887
210,2023-04-13,CUST210,Male,0.4130434782608696,Electronics,1.0,0.05263157894736842,0.08860759493670887
212,2023-06-09,CUST212,Male,0.06521739130434784,Clothing,0.6666666666666667,1.0,0.7468354430379748
213,2023-07-24,CUST213,Male,0.19565217391304346,Beauty,0.6666666666666667,1.0,0.7468354430379748
214,2023-12-10,CUST214,Male,0.043478260869565244,Beauty,0.3333333333333333,0.01052631578947369,0.017721518987341773
215,2023-11-29,CUST215,Male,0.8695652173913044,Clothing,0.6666666666666667,1.0,0.7468354430379748
216,2023-07-11,CUST216,Male,0.9565217391304348,Electronics,0.3333333333333333,0.05263157894736842,0.037974683544303806
217,2023-08-13,CUST217,Female,0.3695652173913043,Electronics,1.0,0.05263157894736842,0.08860759493670887
218,2023-09-22,CUST218,Male,1.0,Beauty,0.6666666666666667,0.01052631578947369,0.032911392405063286
219,2023-08-20,CUST219,Female,0.7608695652173914,Electronics,0.6666666666666667,0.01052631578947369,0.032911392405063286
220,2023-03-03,CUST220,Male,1.0,Beauty,0.0,1.0,0.24050632911392406
221,2023-05-07,CUST221,Male,0.4565217391304348,Beauty,0.3333333333333333,0.5789473684210527,0.2911392405063291
222,2023-04-26,CUST222,Male,0.7173913043478262,Clothing,1.0,0.01052631578947369,0.04810126582278482
223,2023-02-02,CUST223,Female,1.0,Clothing,0.0,0.0,0.0
224,2023-06-23,CUST224,Female,0.15217391304347827,Clothing,0.0,0.05263157894736842,0.012658227848101267
225,2023-01-11,CUST225,Female,0.8478260869565217,Beauty,1.0,0.0,0.037974683544303806
226,2023-10-29,CUST226,Female,0.9347826086956521,Clothing,0.0,0.05263157894736842,0.012658227848101267
227,2023-10-11,CUST227,Male,0.3913043478260869,Electronics,0.3333333333333333,0.05263157894736842,0.037974683544303806
228,2023-04-28,CUST228,Female,0.8913043478260869,Electronics,0.3333333333333333,0.01052631578947369,0.017721518987341773
229,2023-10-29,CUST229,Male,0.8695652173913044,Beauty,0.6666666666666667,0.01052631578947369,0.032911392405063286
230,2023-04-23,CUST230,Male,0.7826086956521738,Beauty,0.0,0.0,0.0
231,2023-01-04,CUST231,Female,0.10869565217391308,Clothing,0.6666666666666667,0.05263157894736842,0.06329113924050633
232,2023-02-06,CUST232,Female,0.5434782608695652,Beauty,0.0,0.0,0.0
233,2023-12-29,CUST233,Female,0.7173913043478262,Beauty,0.3333333333333333,0.5789473684210527,0.2911392405063291
234,2023-11-20,CUST234,Female,0.9565217391304348,Electronics,0.3333333333333333,0.0,0.012658227848101267
235,2023-01-31,CUST235,Female,0.10869565217391308,Electronics,0.3333333333333333,1.0,0.4936708860759494
236,2023-04-28,CUST236,Female,0.7826086956521738,Clothing,0.0,0.0,0.0
237,2023-02-04,CUST237,Female,0.6956521739130435,Beauty,0.3333333333333333,1.0,0.4936708860759494
238,2023-01-17,CUST238,Female,0.4565217391304348,Beauty,0.0,1.0,0.24050632911392406
239,2023-06-19,CUST239,Male,0.4347826086956522,Electronics,0.6666666666666667,1.0,0.7468354430379748
240,2023-02-06,CUST240,Female,0.10869565217391308,Beauty,0.0,0.5789473684210527,0.13924050632911392
241,2023-09-21,CUST241,Female,0.10869565217391308,Electronics,0.6666666666666667,0.0,0.02531645569620253
242,2023-05-02,CUST242,Male,0.06521739130434784,Clothing,0.0,0.0,0.0
243,2023-05-23,CUST243,Female,0.6304347826086956,Electronics,0.6666666666666667,0.5789473684210527,0.44303797468354433
244,2023-12-09,CUST244,Male,0.21739130434782616,Beauty,0.3333333333333333,0.05263157894736842,0.037974683544303806
245,2023-09-06,CUST245,Male,0.6304347826086956,Clothing,0.6666666666666667,0.01052631578947369,0.032911392405063286
246,2023-04-20,CUST246,Female,0.6521739130434783,Electronics,0.3333333333333333,0.0,0.012658227848101267
247,2023-10-04,CUST247,Male,0.5,Electronics,0.3333333333333333,0.01052631578947369,0.017721518987341773
248,2023-03-09,CUST248,Male,0.17391304347826086,Clothing,0.6666666666666667,0.5789473684210527,0.44303797468354433
249,2023-10-20,CUST249,Male,0.043478260869565244,Clothing,0.0,0.05263157894736842,0.012658227848101267
250,2023-10-23,CUST250,Male,0.6521739130434783,Electronics,0.0,0.05263157894736842,0.012658227848101267
251,2023-08-31,CUST251,Female,0.8478260869565217,Beauty,1.0,0.05263157894736842,0.08860759493670887
252,2023-05-05,CUST252,Male,0.7826086956521738,Electronics,0.0,0.5789473684210527,0.13924050632911392
253,2023-08-31,CUST253,Female,0.7608695652173914,Clothing,1.0,1.0,1.0
254,2023-07-28,CUST254,Male,0.5,Electronics,0.0,1.0,0.24050632911392406
255,2023-04-08,CUST255,Male,0.6521739130434783,Clothing,0.0,0.01052631578947369,0.0025316455696202528
256,2023-02-18,CUST256,Male,0.10869565217391308,Clothing,0.3333333333333333,1.0,0.4936708860759494
257,2023-02-19,CUST257,Male,0.02173913043478265,Beauty,1.0,1.0,1.0
258,2023-12-04,CUST258,Female,0.4130434782608696,Clothing,0.0,0.05263157894736842,0.012658227848101267
259,2023-08-09,CUST259,Female,0.5869565217391305,Clothing,1.0,0.05263157894736842,0.08860759493670887
260,2023-07-01,CUST260,Male,0.21739130434782616,Beauty,0.3333333333333333,0.01052631578947369,0.017721518987341773
261,2023-08-05,CUST261,Male,0.06521739130434784,Clothing,0.3333333333333333,0.0,0.012658227848101267
262,2023-07-30,CUST262,Female,0.30434782608695654,Beauty,1.0,0.01052631578947369,0.04810126582278482
263,2023-08-28,CUST263,Male,0.10869565217391308,Beauty,0.3333333333333333,0.01052631578947369,0.017721518987341773
264,2023-01-28,CUST264,Male,0.6304347826086956,Clothing,0.6666666666666667,0.5789473684210527,0.44303797468354433
265,2023-12-11,CUST265,Male,0.8043478260869565,Clothing,0.6666666666666667,0.5789473684210527,0.44303797468354433
266,2023-12-01,CUST266,Female,0.02173913043478265,Electronics,0.3333333333333333,0.01052631578947369,0.017721518987341773
267,2023-11-27,CUST267,Female,0.30434782608695654,Beauty,0.6666666666666667,0.01052631578947369,0.032911392405063286
268,2023-02-20,CUST268,Female,0.21739130434782616,Electronics,0.0,0.01052631578947369,0.0025316455696202528
269,2023-02-01,CUST269,Male,0.15217391304347827,Clothing,1.0,1.0,1.0
270,2023-07-26,CUST270,Male,0.5434782608695652,Electronics,0.0,0.5789473684210527,0.13924050632911392
271,2023-06-23,CUST271,Female,0.9565217391304348,Beauty,1.0,0.01052631578947369,0.04810126582278482
272,2023-02-25,CUST272,Female,0.9347826086956521,Electronics,0.3333333333333333,0.05263157894736842,0.037974683544303806
273,2023-05-08,CUST273,Female,0.08695652173913049,Beauty,0.0,0.05263157894736842,0.012658227848101267
274,2023-04-09,CUST274,Female,0.10869565217391308,Clothing,0.3333333333333333,1.0,0.4936708860759494
275,2023-04-08,CUST275,Male,0.5434782608695652,Clothing,0.3333333333333333,1.0,0.4936708860759494
276,2023-10-02,CUST276,Female,0.06521739130434784,Beauty,1.0,0.0,0.037974683544303806
277,2023-08-18,CUST277,Male,0.3913043478260869,Clothing,1.0,0.0,0.037974683544303806
278,2023-03-13,CUST278,Female,0.4130434782608696,Clothing,1.0,0.0,0.037974683544303806
279,2023-08-05,CUST279,Male,0.6956521739130435,Clothing,0.0,1.0,0.24050632911392406
280,2023-04-04,CUST280,Female,0.4130434782608696,Clothing,0.6666666666666667,1.0,0.7468354430379748
281,2023-05-23,CUST281,Female,0.23913043478260876,Beauty,1.0,1.0,1.0
282,2023-08-25,CUST282,Female,1.0,Electronics,1.0,0.05263157894736842,0.08860759493670887
283,2023-05-08,CUST283,Female,0.0,Electronics,0.0,1.0,0.24050632911392406
284,2023-02-08,CUST284,Male,0.5434782608695652,Clothing,1.0,0.05263157894736842,0.08860759493670887
285,2023-08-15,CUST285,Female,0.28260869565217395,Electronics,0.0,0.0,0.0
286,2023-10-09,CUST286,Male,0.8043478260869565,Electronics,0.3333333333333333,0.0,0.012658227848101267
287,2023-02-20,CUST287,Male,0.7826086956521738,Clothing,1.0,0.0,0.037974683544303806
288,2023-01-26,CUST288,Male,0.21739130434782616,Clothing,1.0,0.01052631578947369,0.04810126582278482
289,2023-11-30,CUST289,Male,0.7608695652173914,Electronics,0.3333333333333333,0.01052631578947369,0.017721518987341773
290,2023-10-04,CUST290,Female,0.26086956521739135,Beauty,0.3333333333333333,0.5789473684210527,0.2911392405063291
291,2023-01-08,CUST291,Male,0.9130434782608696,Clothing,0.3333333333333333,0.5789473684210527,0.2911392405063291
292,2023-02-17,CUST292,Male,0.043478260869565244,Beauty,1.0,0.5789473684210527,0.5949367088607596
293,2023-05-02,CUST293,Male,0.6956521739130435,Electronics,0.6666666666666667,0.01052631578947369,0.032911392405063286
294,2023-03-27,CUST294,Female,0.10869565217391308,Clothing,0.6666666666666667,0.01052631578947369,0.032911392405063286
295,2023-07-28,CUST295,Female,0.19565217391304346,Beauty,0.6666666666666667,0.5789473684210527,0.44303797468354433
296,2023-09-06,CUST296,Female,0.08695652173913049,Clothing,1.0,0.5789473684210527,0.5949367088607596
297,2023-09-04,CUST297,Female,0.4782608695652174,Electronics,0.3333333333333333,1.0,0.4936708860759494
298,2023-04-20,CUST298,Male,0.19565217391304346,Beauty,1.0,0.5789473684210527,0.5949367088607596
299,2023-07-25,CUST299,Male,0.9347826086956521,Electronics,0.3333333333333333,1.0,0.4936708860759494
300,2023-01-31,CUST300,Female,0.02173913043478265,Electronics,1.0,0.05263157894736842,0.08860759493670887
301,2023-03-26,CUST301,Male,0.26086956521739135,Clothing,1.0,0.01052631578947369,0.04810126582278482
302,2023-07-14,CUST302,Male,0.8478260869565217,Beauty,0.3333333333333333,0.5789473684210527,0.2911392405063291
303,2023-01-02,CUST303,Male,0.02173913043478265,Electronics,0.6666666666666667,0.01052631578947369,0.032911392405063286
304,2023-07-19,CUST304,Female,0.4130434782608696,Electronics,0.3333333333333333,0.01052631578947369,0.017721518987341773
305,2023-05-16,CUST305,Female,0.0,Beauty,0.0,0.01052631578947369,0.0025316455696202528
306,2023-08-21,CUST306,Male,0.7826086956521738,Electronics,0.0,0.05263157894736842,0.012658227848101267
307,2023-05-27,CUST307,Female,0.17391304347826086,Electronics,0.3333333333333333,0.0,0.012658227848101267
308,2023-08-05,CUST308,Female,0.34782608695652173,Beauty,1.0,0.5789473684210527,0.5949367088607596
309,2023-12-23,CUST309,Female,0.17391304347826086,Beauty,0.0,0.0,0.0
310,2023-10-12,CUST310,Female,0.21739130434782616,Beauty,0.0,0.0,0.0
311,2023-12-05,CUST311,Female,0.30434782608695654,Beauty,1.0,0.0,0.037974683544303806
312,2023-09-07,CUST312,Male,0.5,Clothing,1.0,0.01052631578947369,0.04810126582278482
313,2023-03-21,CUST313,Female,0.8043478260869565,Beauty,0.6666666666666667,1.0,0.7468354430379748
314,2023-04-08,CUST314,Male,0.7391304347826086,Clothing,1.0,0.01052631578947369,0.04810126582278482
315,2023-06-01,CUST315,Male,0.6304347826086956,Clothing,0.3333333333333333,0.01052631578947369,0.017721518987341773
316,2023-04-22,CUST316,Female,0.6521739130434783,Clothing,0.3333333333333333,0.0,0.012658227848101267
317,2023-01-30,CUST317,Male,0.08695652173913049,Electronics,0.6666666666666667,0.01052631578947369,0.032911392405063286
318,2023-10-24,CUST318,Male,0.9347826086956521,Clothing,0.0,0.0,0.0
319,2023-10-05,CUST319,Male,0.28260869565217395,Clothing,0.0,1.0,0.24050632911392406
320,2023-02-01,CUST320,Female,0.21739130434782616,Electronics,1.0,0.5789473684210527,0.5949367088607596
321,2023-06-10,CUST321,Female,0.17391304347826086,Electronics,0.3333333333333333,0.0,0.012658227848101267
322,2023-01-30,CUST322,Male,0.7173913043478262,Electronics,0.0,1.0,0.24050632911392406
323,2023-01-26,CUST323,Female,0.23913043478260876,Beauty,0.6666666666666667,0.5789473684210527,0.44303797468354433
324,2023-10-27,CUST324,Female,0.7391304347826086,Electronics,0.6666666666666667,0.05263157894736842,0.06329113924050633
325,2023-09-02,CUST325,Female,0.7391304347826086,Electronics,0.3333333333333333,0.0,0.012658227848101267
326,2023-09-15,CUST326,Female,0.0,Clothing,0.6666666666666667,0.0,0.02531645569620253
327,2023-09-29,CUST327,Male,0.8478260869565217,Electronics,0.6666666666666667,0.05263157894736842,0.06329113924050633
328,2023-03-22,CUST328,Male,0.4565217391304348,Beauty,0.3333333333333333,0.05263157894736842,0.037974683544303806
329,2023-01-30,CUST329,Female,0.6086956521739131,Electronics,1.0,0.0,0.037974683544303806
330,2023-09-18,CUST330,Female,0.15217391304347827,Beauty,1.0,0.05263157894736842,0.08860759493670887
331,2023-02-11,CUST331,Male,0.21739130434782616,Electronics,0.6666666666666667,0.01052631578947369,0.032911392405063286
332,2023-04-06,CUST332,Male,0.8695652173913044,Electronics,1.0,0.5789473684210527,0.5949367088607596
333,2023-02-05,CUST333,Female,0.7826086956521738,Electronics,1.0,0.5789473684210527,0.5949367088607596
334,2023-11-01,CUST334,Male,0.28260869565217395,Electronics,0.6666666666666667,0.5789473684210527,0.44303797468354433
335,2023-02-04,CUST335,Female,0.6304347826086956,Beauty,1.0,0.01052631578947369,0.04810126582278482
336,2023-12-12,CUST336,Female,0.7391304347826086,Beauty,0.6666666666666667,0.05263157894736842,0.06329113924050633
337,2023-05-01,CUST337,Male,0.4347826086956522,Clothing,0.0,1.0,0.24050632911392406
338,2023-07-26,CUST338,Male,0.7826086956521738,Beauty,0.3333333333333333,0.05263157894736842,0.037974683544303806
339,2023-03-03,CUST339,Female,0.08695652173913049,Electronics,0.3333333333333333,0.0,0.012658227848101267
340,2023-10-19,CUST340,Female,0.3913043478260869,Clothing,1.0,0.5789473684210527,0.5949367088607596
341,2023-05-07,CUST341,Male,0.28260869565217395,Clothing,1.0,0.05263157894736842,0.08860759493670887
342,2023-10-24,CUST342,Female,0.5434782608695652,Clothing,1.0,1.0,1.0
343,2023-11-01,CUST343,Male,0.06521739130434784,Electronics,0.3333333333333333,0.0,0.012658227848101267
344,2023-01-21,CUST344,Female,0.5217391304347826,Beauty,0.0,0.01052631578947369,0.0025316455696202528
345,2023-11-14,CUST345,Male,0.9565217391304348,Electronics,0.0,0.01052631578947369,0.0025316455696202528
346,2023-02-11,CUST346,Male,0.8913043478260869,Clothing,0.3333333333333333,1.0,0.4936708860759494
347,2023-08-03,CUST347,Male,0.5217391304347826,Electronics,0.0,0.0,0.0
348,2023-12-03,CUST348,Female,0.3695652173913043,Electronics,0.3333333333333333,0.5789473684210527,0.2911392405063291
349,2023-10-26,CUST349,Female,0.8478260869565217,Beauty,0.0,0.05263157894736842,0.012658227848101267
350,2023-10-17,CUST350,Male,0.15217391304347827,Beauty,0.6666666666666667,0.0,0.02531645569620253
351,2023-09-25,CUST351,Female,0.8260869565217392,Clothing,0.6666666666666667,0.01052631578947369,0.032911392405063286
352,2023-06-11,CUST352,Male,0.8478260869565217,Electronics,0.3333333333333333,1.0,0.4936708860759494
353,2023-05-14,CUST353,Male,0.28260869565217395,Electronics,0.0,1.0,0.24050632911392406
354,2023-04-15,CUST354,Female,0.673913043478261,Beauty,1.0,0.05263157894736842,0.08860759493670887
355,2023-12-09,CUST355,Female,0.8043478260869565,Electronics,0.0,1.0,0.24050632911392406
356,2023-06-10,CUST356,Male,0.6956521739130435,Electronics,0.6666666666666667,1.0,0.7468354430379748
357,2023-05-03,CUST357,Female,0.4782608695652174,Electronics,0.6666666666666667,0.0,0.02531645569620253
358,2023-05-16,CUST358,Female,0.30434782608695654,Beauty,0.0,0.5789473684210527,0.13924050632911392
359,2023-07-22,CUST359,Male,0.6956521739130435,Clothing,0.0,0.05263157894736842,0.012658227848101267
360,2023-03-09,CUST360,Male,0.5217391304347826,Clothing,1.0,0.0,0.037974683544303806
361,2023-12-10,CUST361,Female,0.34782608695652173,Electronics,1.0,0.5789473684210527,0.5949367088607596
362,2023-11-27,CUST362,Male,0.6956521739130435,Clothing,0.0,0.0,0.0
363,2023-06-03,CUST363,Male,1.0,Beauty,0.0,0.0,0.0
364,2023-08-23,CUST364,Female,0.02173913043478265,Beauty,0.0,1.0,0.24050632911392406
365,2023-06-11,CUST365,Male,0.28260869565217395,Clothing,0.0,0.5789473684210527,0.13924050632911392
366,2023-02-07,CUST366,Male,0.8478260869565217,Clothing,0.3333333333333333,0.05263157894736842,0.037974683544303806
367,2023-01-05,CUST367,Female,0.8478260869565217,Electronics,0.0,0.05263157894736842,0.012658227848101267
368,2023-08-23,CUST368,Female,0.8260869565217392,Clothing,1.0,0.5789473684210527,0.5949367088607596
369,2023-11-15,CUST369,Male,0.10869565217391308,Electronics,0.6666666666666667,1.0,0.7468354430379748
370,2023-10-16,CUST370,Male,0.10869565217391308,Electronics,0.3333333333333333,0.01052631578947369,0.017721518987341773
371,2023-02-21,CUST371,Female,0.043478260869565244,Beauty,0.0,0.0,0.0
372,2023-02-07,CUST372,Female,0.13043478260869568,Beauty,0.6666666666666667,1.0,0.7468354430379748
373,2023-10-03,CUST373,Female,0.15217391304347827,Beauty,0.3333333333333333,0.5789473684210527,0.2911392405063291
374,2023-04-20,CUST374,Female,0.8913043478260869,Beauty,0.6666666666666667,0.0,0.02531645569620253
375,2023-09-17,CUST375,Male,0.30434782608695654,Clothing,0.0,0.05263157894736842,0.012658227848101267
376,2023-05-16,CUST376,Female,1.0,Beauty,0.0,0.01052631578947369,0.0025316455696202528
377,2023-03-09,CUST377,Female,0.6086956521739131,Clothing,1.0,0.05263157894736842,0.08860759493670887
378,2023-06-28,CUST378,Male,0.6956521739130435,Beauty,0.0,0.5789473684210527,0.13924050632911392
379,2023-02-05,CUST379,Female,0.6304347826086956,Clothing,0.0,0.0,0.0
380,2023-05-06,CUST380,Male,0.8260869565217392,Electronics,0.3333333333333333,0.5789473684210527,0.2911392405063291
381,2023-07-09,CUST381,Female,0.5652173913043479,Clothing,1.0,0.0,0.037974683544303806
382,2023-05-26,CUST382,Female,0.7608695652173914,Clothing,0.3333333333333333,1.0,0.4936708860759494
383,2023-03-22,CUST383,Female,0.6086956521739131,Beauty,0.6666666666666667,0.01052631578947369,0.032911392405063286
384,2023-08-13,CUST384,Male,0.8043478260869565,Clothing,0.0,1.0,0.24050632911392406
385,2023-10-06,CUST385,Male,0.6956521739130435,Electronics,0.6666666666666667,1.0,0.7468354430379748
386,2023-12-27,CUST386,Female,0.7826086956521738,Electronics,0.3333333333333333,0.5789473684210527,0.2911392405063291
387,2023-06-04,CUST387,Male,0.5652173913043479,Beauty,0.0,0.01052631578947369,0.0025316455696202528
388,2023-11-10,CUST388,Male,0.6956521739130435,Electronics,0.0,0.0,0.0
389,2023-12-01,CUST389,Male,0.06521739130434784,Clothing,0.3333333333333333,0.0,0.012658227848101267
390,2023-09-28,CUST390,Male,0.4565217391304348,Electronics,0.3333333333333333,0.05263157894736842,0.037974683544303806
391,2023-01-05,CUST391,Male,0.02173913043478265,Beauty,0.3333333333333333,0.0,0.012658227848101267
392,2023-12-08,CUST392,Male,0.19565217391304346,Clothing,0.3333333333333333,0.5789473684210527,0.2911392405063291
393,2023-10-11,CUST393,Female,0.08695652173913049,Beauty,0.3333333333333333,1.0,0.4936708860759494
394,2023-06-03,CUST394,Female,0.19565217391304346,Clothing,0.0,1.0,0.24050632911392406
395,2023-12-06,CUST395,Male,0.6956521739130435,Electronics,0.3333333333333333,1.0,0.4936708860759494
396,2023-02-23,CUST396,Female,0.8043478260869565,Beauty,0.0,0.01052631578947369,0.0025316455696202528
397,2023-03-10,CUST397,Female,0.26086956521739135,Beauty,0.0,0.0,0.0
398,2023-05-16,CUST398,Female,0.6521739130434783,Clothing,0.3333333333333333,0.5789473684210527,0.2911392405063291
399,2023-03-01,CUST399,Female,1.0,Beauty,0.3333333333333333,0.01052631578947369,0.017721518987341773
400,2023-02-24,CUST400,Male,0.7608695652173914,Clothing,1.0,0.05263157894736842,0.08860759493670887
401,2023-10-11,CUST401,Female,0.9565217391304348,Clothing,0.0,0.5789473684210527,0.13924050632911392
402,2023-03-21,CUST402,Female,0.5,Clothing,0.3333333333333333,0.5789473684210527,0.2911392405063291
403,2023-05-20,CUST403,Male,0.30434782608695654,Clothing,0.3333333333333333,0.5789473684210527,0.2911392405063291
404,2023-05-25,CUST404,Male,0.6086956521739131,Electronics,0.3333333333333333,1.0,0.4936708860759494
405,2023-11-06,CUST405,Female,0.15217391304347827,Clothing,1.0,0.5789473684210527,0.5949367088607596
406,2023-04-18,CUST406,Female,0.08695652173913049,Beauty,1.0,0.0,0.037974683544303806
407,2023-06-25,CUST407,Female,0.6086956521739131,Electronics,0.6666666666666667,0.5789473684210527,0.44303797468354433
408,2023-04-15,CUST408,Female,1.0,Beauty,0.0,1.0,0.24050632911392406
409,2023-12-18,CUST409,Female,0.06521739130434784,Electronics,0.6666666666666667,0.5789473684210527,0.44303797468354433
410,2023-11-21,CUST410,Female,0.23913043478260876,Clothing,0.3333333333333333,0.05263157894736842,0.037974683544303806
411,2023-05-16,CUST411,Male,0.9565217391304348,Electronics,1.0,0.05263157894736842,0.08860759493670887
412,2023-09-16,CUST412,Female,0.02173913043478265,Electronics,1.0,1.0,1.0
413,2023-09-08,CUST413,Female,0.5652173913043479,Beauty,0.6666666666666667,0.0,0.02531645569620253
414,2023-05-09,CUST414,Male,0.6521739130434783,Beauty,1.0,0.0,0.037974683544303806
415,2023-01-27,CUST415,Male,0.7608695652173914,Clothing,0.3333333333333333,0.01052631578947369,0.017721518987341773
416,2023-02-17,CUST416,Male,0.7608695652173914,Electronics,1.0,1.0,1.0
417,2023-11-21,CUST417,Male,0.5434782608695652,Electronics,0.6666666666666667,0.5789473684210527,0.44303797468354433
418,2023-08-05,CUST418,Female,0.9130434782608696,Electronics,0.3333333333333333,1.0,0.4936708860759494
419,2023-05-22,CUST419,Female,0.5652173913043479,Clothing,0.6666666666666667,0.01052631578947369,0.032911392405063286
420,2023-01-23,CUST420,Female,0.08695652173913049,Clothing,1.0,1.0,1.0
421,2023-01-02,CUST421,Female,0.4130434782608696,Clothing,0.6666666666666667,1.0,0.7468354430379748
422,2023-06-20,CUST422,Female,0.21739130434782616,Clothing,0.6666666666666667,0.01052631578947369,0.032911392405063286
423,2023-03-08,CUST423,Female,0.19565217391304346,Clothing,0.0,0.0,0.0
424,2023-11-23,CUST424,Male,0.8478260869565217,Beauty,1.0,0.5789473684210527,0.5949367088607596
425,2023-05-15,CUST425,Female,0.8043478260869565,Electronics,1.0,0.01052631578947369,0.04810126582278482
426,2023-03-24,CUST426,Male,0.10869565217391308,Electronics,0.6666666666666667,0.05263157894736842,0.06329113924050633
427,2023-08-15,CUST427,Male,0.15217391304347827,Electronics,0.0,0.0,0.0
428,2023-10-10,CUST428,Female,0.4782608695652174,Electronics,1.0,0.05263157894736842,0.08860759493670887
429,2023-12-28,CUST429,Male,1.0,Electronics,0.3333333333333333,0.0,0.012658227848101267
430,2023-08-07,CUST430,Female,0.5434782608695652,Electronics,0.6666666666666667,0.5789473684210527,0.44303797468354433
431,2023-10-15,CUST431,Male,0.9782608695652173,Electronics,1.0,0.5789473684210527,0.5949367088607596
432,2023-01-05,CUST432,Female,0.9130434782608696,Electronics,0.3333333333333333,1.0,0.4936708860759494
433,2023-02-27,CUST433,Male,0.23913043478260876,Beauty,1.0,0.05263157894736842,0.08860759493670887
434,2023-02-08,CUST434,Female,0.5434782608695652,Electronics,0.3333333333333333,0.0,0.012658227848101267
435,2023-12-20,CUST435,Female,0.26086956521739135,Beauty,0.6666666666666667,0.5789473684210527,0.44303797468354433
436,2023-03-18,CUST436,Female,0.8478260869565217,Clothing,1.0,0.01052631578947369,0.04810126582278482
437,2023-10-07,CUST437,Female,0.3695652173913043,Electronics,1.0,0.5789473684210527,0.5949367088607596
438,2023-01-19,CUST438,Female,0.5217391304347826,Clothing,0.0,0.01052631578947369,0.0025316455696202528
439,2023-07-09,CUST439,Male,0.6956521739130435,Clothing,0.6666666666666667,0.0,0.02531645569620253
440,2023-10-26,CUST440,Male,1.0,Clothing,0.3333333333333333,0.5789473684210527,0.2911392405063291
441,2023-10-10,CUST441,Male,0.8478260869565217,Beauty,1.0,0.5789473684210527,0.5949367088607596
442,2023-03-17,CUST442,Female,0.9130434782608696,Clothing,1.0,0.0,0.037974683544303806
443,2023-08-09,CUST443,Male,0.23913043478260876,Clothing,0.3333333333333333,0.5789473684210527,0.2911392405063291
444,2023-03-07,CUST444,Female,0.9347826086956521,Clothing,0.6666666666666667,0.01052631578947369,0.032911392405063286
445,2023-01-22,CUST445,Female,0.7608695652173914,Electronics,0.0,0.5789473684210527,0.13924050632911392
446,2023-06-07,CUST446,Male,0.06521739130434784,Electronics,0.0,0.05263157894736842,0.012658227848101267
447,2023-07-06,CUST447,Male,0.08695652173913049,Beauty,1.0,1.0,1.0
448,2023-01-21,CUST448,Female,0.7826086956521738,Beauty,0.3333333333333333,0.01052631578947369,0.017721518987341773
449,2023-07-03,CUST449,Male,0.15217391304347827,Electronics,1.0,0.05263157894736842,0.08860759493670887
450,2023-04-18,CUST450,Female,0.8913043478260869,Beauty,0.3333333333333333,0.0,0.012658227848101267
451,2023-12-16,CUST451,Female,0.5869565217391305,Electronics,0.0,0.01052631578947369,0.0025316455696202528
452,2023-05-08,CUST452,Female,0.6521739130434783,Clothing,0.6666666666666667,1.0,0.7468354430379748
453,2023-12-08,CUST453,Female,0.17391304347826086,Clothing,0.3333333333333333,1.0,0.4936708860759494
454,2023-02-22,CUST454,Female,0.6086956521739131,Beauty,0.0,0.0,0.0
455,2023-07-01,CUST455,Male,0.28260869565217395,Electronics,1.0,0.0,0.037974683544303806
456,2023-10-14,CUST456,Male,0.8478260869565217,Electronics,0.3333333333333333,0.01052631578947369,0.017721518987341773
457,2023-07-28,CUST457,Female,0.8695652173913044,Beauty,0.6666666666666667,0.5789473684210527,0.44303797468354433
458,2023-11-14,CUST458,Female,0.4565217391304348,Electronics,1.0,0.0,0.037974683544303806
459,2023-03-21,CUST459,Male,0.21739130434782616,Clothing,1.0,0.5789473684210527,0.5949367088607596
460,2023-05-02,CUST460,Male,0.4782608695652174,Beauty,0.0,0.05263157894736842,0.012658227848101267
461,2023-03-25,CUST461,Female,0.0,Beauty,0.3333333333333333,1.0,0.4936708860759494
462,2023-04-01,CUST462,Male,0.9782608695652173,Electronics,1.0,0.5789473684210527,0.5949367088607596
463,2023-07-31,CUST463,Female,0.7826086956521738,Beauty,0.6666666666666667,1.0,0.7468354430379748
464,2023-01-13,CUST464,Male,0.4347826086956522,Electronics,0.3333333333333333,0.5789473684210527,0.2911392405063291
465,2023-04-02,CUST465,Female,0.5434782608695652,Electronics,0.6666666666666667,0.05263157894736842,0.06329113924050633
466,2023-06-20,CUST466,Male,0.9782608695652173,Electronics,1.0,0.0,0.037974683544303806
467,2023-07-30,CUST467,Female,0.7608695652173914,Electronics,0.6666666666666667,0.05263157894736842,0.06329113924050633
468,2023-12-09,CUST468,Male,0.4782608695652174,Electronics,0.0,0.0,0.0
469,2023-05-08,CUST469,Male,0.0,Beauty,0.6666666666666667,0.0,0.02531645569620253
470,2023-05-17,CUST470,Female,0.8478260869565217,Clothing,0.3333333333333333,1.0,0.4936708860759494
471,2023-03-23,CUST471,Male,0.30434782608695654,Clothing,0.6666666666666667,0.05263157894736842,0.06329113924050633
472,2023-12-26,CUST472,Female,0.4347826086956522,Beauty,0.6666666666666667,0.5789473684210527,0.44303797468354433
473,2023-02-25,CUST473,Male,1.0,Beauty,0.0,0.05263157894736842,0.012658227848101267
474,2023-07-15,CUST474,Female,0.17391304347826086,Clothing,0.6666666666666667,1.0,0.7468354430379748
475,2023-01-20,CUST475,Male,0.17391304347826086,Clothing,0.6666666666666667,0.0,0.02531645569620253
476,2023-08-29,CUST476,Female,0.19565217391304346,Clothing,1.0,1.0,1.0
477,2023-04-24,CUST477,Male,0.5434782608695652,Clothing,1.0,0.01052631578947369,0.04810126582278482
478,2023-04-13,CUST478,Female,0.8695652173913044,Clothing,0.3333333333333333,0.01052631578947369,0.017721518987341773
479,2023-08-24,CUST479,Male,0.7391304347826086,Electronics,1.0,0.5789473684210527,0.5949367088607596
480,2023-06-29,CUST480,Female,0.5217391304347826,Beauty,1.0,1.0,1.0
481,2023-06-06,CUST481,Female,0.5434782608695652,Electronics,1.0,0.5789473684210527,0.5949367088607596
482,2023-04-27,CUST482,Female,0.21739130434782616,Clothing,1.0,0.5789473684210527,0.5949367088607596
483,2023-04-25,CUST483,Male,0.8043478260869565,Clothing,0.0,0.01052631578947369,0.0025316455696202528
484,2023-01-13,CUST484,Female,0.02173913043478265,Clothing,1.0,0.5789473684210527,0.5949367088607596
485,2023-12-04,CUST485,Male,0.13043478260869568,Electronics,0.0,0.01052631578947369,0.0025316455696202528
486,2023-04-09,CUST486,Female,0.3695652173913043,Electronics,0.0,0.0,0.0
487,2023-07-24,CUST487,Male,0.5652173913043479,Clothing,1.0,1.0,1.0
488,2023-06-18,CUST488,Female,0.7173913043478262,Electronics,0.6666666666666667,0.5789473684210527,0.44303797468354433
489,2023-05-23,CUST489,Male,0.5652173913043479,Electronics,0.0,0.01052631578947369,0.0025316455696202528
490,2023-02-05,CUST490,Male,0.34782608695652173,Clothing,0.6666666666666667,0.05263157894736842,0.06329113924050633
491,2023-05-23,CUST491,Female,0.9130434782608696,Electronics,0.6666666666666667,0.5789473684210527,0.44303797468354433
492,2023-06-29,CUST492,Male,0.9347826086956521,Beauty,1.0,0.0,0.037974683544303806
493,2023-11-25,CUST493,Male,0.5,Beauty,0.3333333333333333,0.0,0.012658227848101267
494,2023-09-18,CUST494,Female,0.5217391304347826,Beauty,1.0,0.05263157894736842,0.08860759493670887
495,2023-07-24,CUST495,Male,0.13043478260869568,Beauty,0.3333333333333333,0.01052631578947369,0.017721518987341773
496,2023-12-14,CUST496,Male,0.10869565217391308,Clothing,0.3333333333333333,0.5789473684210527,0.2911392405063291
497,2023-10-02,CUST497,Male,0.5,Clothing,1.0,0.01052631578947369,0.04810126582278482
498,2023-06-19,CUST498,Female,0.6956521739130435,Clothing,1.0,0.0,0.037974683544303806
499,2023-01-15,CUST499,Male,0.6086956521739131,Beauty,0.3333333333333333,0.01052631578947369,0.017721518987341773
500,2023-03-01,CUST500,Female,0.9130434782608696,Beauty,1.0,0.0,0.037974683544303806
501,2023-05-14,CUST501,Male,0.4565217391304348,Electronics,0.3333333333333333,0.01052631578947369,0.017721518987341773
502,2023-04-02,CUST502,Male,0.5434782608695652,Electronics,0.6666666666666667,0.05263157894736842,0.06329113924050633
503,2023-10-25,CUST503,Male,0.5869565217391305,Beauty,1.0,1.0,1.0
504,2023-05-16,CUST504,Female,0.4347826086956522,Beauty,0.6666666666666667,0.05263157894736842,0.06329113924050633
505,2023-01-20,CUST505,Male,0.13043478260869568,Beauty,0.0,0.05263157894736842,0.012658227848101267
506,2023-02-25,CUST506,Male,0.34782608695652173,Beauty,0.6666666666666667,1.0,0.7468354430379748
507,2023-11-02,CUST507,Female,0.4130434782608696,Electronics,0.6666666666666667,1.0,0.7468354430379748
508,2023-08-11,CUST508,Male,0.8695652173913044,Beauty,0.3333333333333333,0.5789473684210527,0.2911392405063291
509,2023-06-26,CUST509,Female,0.4130434782608696,Electronics,0.6666666666666667,0.5789473684210527,0.44303797468354433
510,2023-06-10,CUST510,Female,0.4565217391304348,Beauty,1.0,0.05263157894736842,0.08860759493670887
511,2023-08-12,CUST511,Male,0.5869565217391305,Beauty,0.3333333333333333,0.05263157894736842,0.037974683544303806
512,2023-11-07,CUST512,Female,0.8478260869565217,Beauty,0.0,0.0,0.0
513,2023-09-19,CUST513,Male,0.13043478260869568,Electronics,1.0,0.0,0.037974683544303806
514,2023-03-01,CUST514,Female,0.0,Electronics,0.0,0.5789473684210527,0.13924050632911392
515,2023-07-17,CUST515,Female,0.673913043478261,Clothing,0.6666666666666667,0.5789473684210527,0.44303797468354433
516,2023-10-23,CUST516,Male,0.26086956521739135,Beauty,1.0,0.0,0.037974683544303806
517,2023-04-08,CUST517,Female,0.6304347826086956,Clothing,1.0,0.0,0.037974683544303806
518,2023-05-11,CUST518,Female,0.4782608695652174,Clothing,0.0,0.01052631578947369,0.0025316455696202528
519,2023-01-23,CUST519,Female,0.3913043478260869,Electronics,1.0,0.01052631578947369,0.04810126582278482
520,2023-12-29,CUST520,Female,0.673913043478261,Electronics,1.0,0.0,0.037974683544303806
521,2023-08-12,CUST521,Female,0.6304347826086956,Clothing,1.0,0.01052631578947369,0.04810126582278482
522,2023-01-01,CUST522,Male,0.6086956521739131,Beauty,0.6666666666666667,1.0,0.7468354430379748
523,2023-09-24,CUST523,Female,0.9565217391304348,Electronics,0.0,0.5789473684210527,0.13924050632911392
524,2023-10-03,CUST524,Male,0.6086956521739131,Beauty,1.0,0.5789473684210527,0.5949367088607596
525,2023-12-18,CUST525,Female,0.6304347826086956,Beauty,0.3333333333333333,0.0,0.012658227848101267
526,2023-12-10,CUST526,Male,0.32608695652173914,Clothing,0.3333333333333333,0.05263157894736842,0.037974683544303806
527,2023-04-11,CUST527,Male,0.8478260869565217,Clothing,0.3333333333333333,0.0,0.012658227848101267
528,2023-07-06,CUST528,Female,0.3913043478260869,Clothing,0.3333333333333333,0.01052631578947369,0.017721518987341773
529,2023-08-09,CUST529,Female,0.3695652173913043,Clothing,0.6666666666666667,0.05263157894736842,0.06329113924050633
530,2023-02-05,CUST530,Female,0.0,Electronics,1.0,0.01052631578947369,0.04810126582278482
531,2023-12-07,CUST531,Male,0.28260869565217395,Electronics,0.0,1.0,0.24050632911392406
532,2023-06-19,CUST532,Female,1.0,Clothing,1.0,0.01052631578947369,0.04810126582278482
533,2023-11-16,CUST533,Male,0.02173913043478265,Electronics,0.6666666666666667,1.0,0.7468354430379748
534,2023-06-10,CUST534,Male,0.5869565217391305,Clothing,0.3333333333333333,1.0,0.4936708860759494
535,2023-12-06,CUST535,Male,0.6304347826086956,Beauty,0.6666666666666667,0.01052631578947369,0.032911392405063286
536,2023-03-05,CUST536,Female,0.8043478260869565,Beauty,1.0,0.01052631578947369,0.04810126582278482
537,2023-06-03,CUST537,Female,0.06521739130434784,Beauty,0.0,1.0,0.24050632911392406
538,2023-09-17,CUST538,Male,0.0,Clothing,0.6666666666666667,0.05263157894736842,0.06329113924050633
539,2023-06-08,CUST539,Male,0.15217391304347827,Beauty,0.0,1.0,0.24050632911392406
540,2023-12-08,CUST540,Female,0.6086956521739131,Electronics,0.6666666666666667,0.5789473684210527,0.44303797468354433
541,2023-07-29,CUST541,Male,0.8260869565217392,Beauty,0.0,1.0,0.24050632911392406
542,2023-06-17,CUST542,Female,0.043478260869565244,Beauty,0.0,0.05263157894736842,0.012658227848101267
543,2023-07-26,CUST543,Male,0.673913043478261,Beauty,0.3333333333333333,0.5789473684210527,0.2911392405063291
544,2023-12-23,CUST544,Female,0.19565217391304346,Electronics,0.0,0.0,0.0
545,2023-06-01,CUST545,Male,0.19565217391304346,Clothing,0.3333333333333333,0.0,0.012658227848101267
546,2023-10-11,CUST546,Female,0.3913043478260869,Electronics,1.0,0.05263157894736842,0.08860759493670887
547,2023-03-07,CUST547,Male,0.9782608695652173,Clothing,1.0,1.0,1.0
548,2023-04-09,CUST548,Female,0.7173913043478262,Clothing,0.3333333333333333,0.01052631578947369,0.017721518987341773
549,2023-08-04,CUST549,Female,0.6956521739130435,Beauty,0.3333333333333333,0.05263157894736842,0.037974683544303806
550,2023-12-07,CUST550,Male,0.4782608695652174,Clothing,0.6666666666666667,0.5789473684210527,0.44303797468354433
551,2023-07-14,CUST551,Male,0.5869565217391305,Electronics,0.6666666666666667,0.5789473684210527,0.44303797468354433
552,2023-12-13,CUST552,Female,0.673913043478261,Electronics,0.6666666666666667,0.0,0.02531645569620253
553,2023-03-31,CUST553,Male,0.13043478260869568,Clothing,1.0,0.5789473684210527,0.5949367088607596
554,2023-11-12,CUST554,Female,0.6086956521739131,Beauty,0.6666666666666667,0.05263157894736842,0.06329113924050633
555,2023-10-19,CUST555,Male,0.15217391304347827,Beauty,0.0,0.5789473684210527,0.13924050632911392
556,2023-06-04,CUST556,Female,0.0,Electronics,0.0,0.05263157894736842,0.012658227848101267
557,2023-07-27,CUST557,Female,0.043478260869565244,Beauty,0.6666666666666667,0.01052631578947369,0.032911392405063286
558,2023-10-08,CUST558,Female,0.5,Clothing,0.0,0.0,0.0
559,2023-01-01,CUST559,Female,0.4782608695652174,Clothing,1.0,0.5789473684210527,0.5949367088607596
560,2023-06-05,CUST560,Female,0.15217391304347827,Electronics,0.0,0.05263157894736842,0.012658227848101267
561,2023-05-27,CUST561,Female,1.0,Clothing,1.0,1.0,1.0
562,2023-04-18,CUST562,Male,0.7826086956521738,Electronics,0.3333333333333333,0.0,0.012658227848101267
563,2023-08-09,CUST563,Male,0.043478260869565244,Clothing,0.3333333333333333,0.01052631578947369,0.017721518987341773
564,2023-10-24,CUST564,Male,0.6956521739130435,Electronics,0.3333333333333333,0.05263157894736842,0.037974683544303806
565,2023-11-07,CUST565,Female,0.5869565217391305,Beauty,0.3333333333333333,0.01052631578947369,0.017721518987341773
566,2023-12-02,CUST566,Female,1.0,Clothing,0.0,0.01052631578947369,0.0025316455696202528
567,2023-06-14,CUST567,Female,0.15217391304347827,Clothing,0.6666666666666667,0.5789473684210527,0.44303797468354433
568,2023-08-27,CUST568,Female,0.7173913043478262,Electronics,0.0,0.5789473684210527,0.13924050632911392
569,2023-08-15,CUST569,Male,0.7391304347826086,Electronics,1.0,0.05263157894736842,0.08860759493670887
570,2023-08-15,CUST570,Male,0.673913043478261,Clothing,0.0,1.0,0.24050632911392406
571,2023-12-12,CUST571,Female,0.5,Electronics,0.0,0.05263157894736842,0.012658227848101267
572,2023-04-20,CUST572,Male,0.28260869565217395,Clothing,1.0,1.0,1.0
573,2023-09-19,CUST573,Male,0.673913043478261,Beauty,0.3333333333333333,0.01052631578947369,0.017721518987341773
574,2023-08-31,CUST574,Female,0.9782608695652173,Electronics,0.3333333333333333,0.0,0.012658227848101267
575,2023-03-28,CUST575,Male,0.9130434782608696,Clothing,0.3333333333333333,0.05263157894736842,0.037974683544303806
576,2023-12-04,CUST576,Female,0.32608695652173914,Beauty,0.6666666666666667,0.05263157894736842,0.06329113924050633
577,2023-02-13,CUST577,Male,0.06521739130434784,Beauty,1.0,1.0,1.0
578,2023-05-26,CUST578,Female,0.7826086956521738,Clothing,1.0,0.01052631578947369,0.04810126582278482
579,2023-09-21,CUST579,Female,0.4347826086956522,Electronics,0.0,0.01052631578947369,0.0025316455696202528
580,2023-12-06,CUST580,Female,0.28260869565217395,Clothing,0.6666666666666667,1.0,0.7468354430379748
581,2023-11-21,CUST581,Female,0.6521739130434783,Beauty,0.3333333333333333,0.01052631578947369,0.017721518987341773
582,2023-11-14,CUST582,Male,0.3695652173913043,Clothing,0.6666666666666667,0.5789473684210527,0.44303797468354433
583,2023-06-21,CUST583,Female,0.13043478260869568,Electronics,1.0,0.0,0.037974683544303806
584,2023-02-17,CUST584,Female,0.19565217391304346,Beauty,1.0,0.05263157894736842,0.08860759493670887
585,2023-05-01,CUST585,Female,0.13043478260869568,Clothing,0.0,0.0,0.0
586,2023-12-11,CUST586,Male,0.6956521739130435,Electronics,0.0,0.05263157894736842,0.012658227848101267
587,2023-06-08,CUST587,Female,0.4782608695652174,Beauty,1.0,0.5789473684210527,0.5949367088607596
588,2023-04-26,CUST588,Male,0.4347826086956522,Electronics,0.3333333333333333,0.01052631578947369,0.017721518987341773
589,2023-04-12,CUST589,Female,0.3913043478260869,Beauty,0.3333333333333333,1.0,0.4936708860759494
590,2023-03-17,CUST590,Male,0.3913043478260869,Clothing,0.6666666666666667,0.5789473684210527,0.44303797468354433
591,2023-01-13,CUST591,Male,0.7608695652173914,Electronics,1.0,0.0,0.037974683544303806
592,2023-01-24,CUST592,Female,0.6086956521739131,Beauty,1.0,1.0,1.0
593,2023-05-06,CUST593,Male,0.3695652173913043,Electronics,0.3333333333333333,0.01052631578947369,0.017721518987341773
594,2023-09-01,CUST594,Female,0.02173913043478265,Electronics,0.3333333333333333,0.5789473684210527,0.2911392405063291
595,2023-11-09,CUST595,Female,0.0,Clothing,1.0,1.0,1.0
596,2023-02-07,CUST596,Female,1.0,Electronics,0.0,0.5789473684210527,0.13924050632911392
597,2023-08-22,CUST597,Male,0.08695652173913049,Beauty,1.0,0.5789473684210527,0.5949367088607596
598,2023-08-01,CUST598,Male,0.4130434782608696,Beauty,1.0,0.01052631578947369,0.04810126582278482
599,2023-11-19,CUST599,Female,0.21739130434782616,Beauty,0.3333333333333333,0.05263157894736842,0.037974683544303806
600,2023-10-22,CUST600,Female,0.8913043478260869,Beauty,0.3333333333333333,1.0,0.4936708860759494
601,2023-04-10,CUST601,Male,0.02173913043478265,Clothing,0.0,0.01052631578947369,0.0025316455696202528
602,2023-12-23,CUST602,Female,0.043478260869565244,Electronics,0.0,0.5789473684210527,0.13924050632911392
603,2023-07-16,CUST603,Female,0.4782608695652174,Clothing,0.6666666666666667,0.01052631578947369,0.032911392405063286
604,2023-09-11,CUST604,Female,0.23913043478260876,Electronics,1.0,0.05263157894736842,0.08860759493670887
605,2023-07-24,CUST605,Male,0.4130434782608696,Electronics,0.3333333333333333,1.0,0.4936708860759494
606,2023-05-05,CUST606,Male,0.08695652173913049,Electronics,0.0,0.05263157894736842,0.012658227848101267
607,2023-03-17,CUST607,Male,0.7826086956521738,Clothing,0.6666666666666667,0.0,0.02531645569620253
608,2023-12-02,CUST608,Female,0.8043478260869565,Electronics,0.6666666666666667,1.0,0.7468354430379748
609,2023-12-19,CUST609,Female,0.6304347826086956,Clothing,0.3333333333333333,0.05263157894736842,0.037974683544303806
610,2023-01-03,CUST610,Female,0.17391304347826086,Beauty,0.3333333333333333,0.5789473684210527,0.2911392405063291
611,2023-02-24,CUST611,Male,0.7173913043478262,Beauty,0.6666666666666667,1.0,0.7468354430379748
612,2023-08-06,CUST612,Female,0.9347826086956521,Electronics,0.0,1.0,0.24050632911392406
613,2023-04-23,CUST613,Female,0.7391304347826086,Clothing,0.6666666666666667,0.01052631578947369,0.032911392405063286
614,2023-04-01,CUST614,Female,0.4565217391304348,Beauty,1.0,0.5789473684210527,0.5949367088607596
615,2023-12-23,CUST615,Female,0.9347826086956521,Clothing,1.0,0.0,0.037974683544303806
616,2023-09-23,CUST616,Male,0.5,Clothing,0.3333333333333333,0.05263157894736842,0.037974683544303806
617,2023-08-26,CUST617,Male,0.34782608695652173,Electronics,0.0,0.01052631578947369,0.0025316455696202528
618,2023-01-26,CUST618,Female,0.19565217391304346,Beauty,0.0,0.05263157894736842,0.012658227848101267
619,2023-10-13,CUST619,Male,0.6304347826086956,Electronics,1.0,0.0,0.037974683544303806
620,2023-05-08,CUST620,Male,0.9782608695652173,Electronics,0.6666666666666667,0.0,0.02531645569620253
621,2023-03-04,CUST621,Female,0.4782608695652174,Beauty,0.3333333333333333,1.0,0.4936708860759494
622,2023-08-22,CUST622,Female,0.673913043478261,Beauty,0.6666666666666667,0.0,0.02531645569620253
623,2023-03-10,CUST623,Male,0.34782608695652173,Clothing,0.6666666666666667,0.05263157894736842,0.06329113924050633
624,2023-08-26,CUST624,Female,0.34782608695652173,Beauty,0.6666666666666667,0.5789473684210527,0.44303797468354433
625,2023-12-08,CUST625,Male,0.28260869565217395,Clothing,0.0,0.5789473684210527,0.13924050632911392
626,2023-09-29,CUST626,Female,0.17391304347826086,Clothing,1.0,1.0,1.0
627,2023-10-14,CUST627,Male,0.8478260869565217,Clothing,0.0,0.05263157894736842,0.012658227848101267
628,2023-11-01,CUST628,Female,0.02173913043478265,Beauty,1.0,0.05263157894736842,0.08860759493670887
629,2023-06-12,CUST629,Male,0.9565217391304348,Electronics,0.3333333333333333,0.0,0.012658227848101267
630,2023-08-15,CUST630,Male,0.5217391304347826,Clothing,0.3333333333333333,0.05263157894736842,0.037974683544303806
631,2023-11-10,CUST631,Male,0.8260869565217392,Electronics,0.6666666666666667,0.01052631578947369,0.032911392405063286
632,2023-09-16,CUST632,Female,0.17391304347826086,Electronics,1.0,0.0,0.037974683544303806
633,2023-08-07,CUST633,Male,0.4565217391304348,Beauty,1.0,0.01052631578947369,0.04810126582278482
634,2023-10-08,CUST634,Male,0.9130434782608696,Electronics,1.0,1.0,1.0
635,2023-08-17,CUST635,Female,0.9782608695652173,Electronics,0.6666666666666667,0.5789473684210527,0.44303797468354433
636,2023-03-23,CUST636,Female,0.06521739130434784,Beauty,0.6666666666666667,1.0,0.7468354430379748
637,2023-09-01,CUST637,Male,0.5434782608695652,Clothing,0.3333333333333333,0.5789473684210527,0.2911392405063291
638,2023-08-19,CUST638,Male,0.6086956521739131,Electronics,0.0,1.0,0.24050632911392406
639,2023-05-13,CUST639,Female,0.9565217391304348,Beauty,1.0,0.05263157894736842,0.08860759493670887
640,2023-05-07,CUST640,Female,0.7173913043478262,Electronics,1.0,0.01052631578947369,0.04810126582278482
641,2023-11-23,CUST641,Female,0.4782608695652174,Electronics,0.0,0.5789473684210527,0.13924050632911392
642,2023-05-22,CUST642,Female,0.7826086956521738,Clothing,1.0,0.0,0.037974683544303806
643,2023-09-24,CUST643,Female,0.21739130434782616,Electronics,0.6666666666666667,0.01052631578947369,0.032911392405063286
644,2023-09-06,CUST644,Male,0.10869565217391308,Beauty,0.6666666666666667,0.0,0.02531645569620253
645,2023-11-17,CUST645,Female,0.3695652173913043,Electronics,1.0,0.01052631578947369,0.04810126582278482
646,2023-05-03,CUST646,Male,0.4347826086956522,Clothing,0.6666666666666667,0.01052631578947369,0.032911392405063286
647,2023-05-21,CUST647,Male,0.8913043478260869,Clothing,0.6666666666666667,1.0,0.7468354430379748
648,2023-08-14,CUST648,Male,0.7608695652173914,Beauty,1.0,0.5789473684210527,0.5949367088607596
649,2023-02-09,CUST649,Female,0.8695652173913044,Clothing,0.3333333333333333,0.5789473684210527,0.2911392405063291
651,2023-05-27,CUST651,Male,0.7173913043478262,Clothing,0.6666666666666667,0.05263157894736842,0.06329113924050633
652,2023-05-01,CUST652,Female,0.34782608695652173,Beauty,0.3333333333333333,0.05263157894736842,0.037974683544303806
653,2023-05-20,CUST653,Male,0.7826086956521738,Clothing,0.6666666666666667,0.0,0.02531645569620253
654,2023-06-21,CUST654,Male,0.5217391304347826,Clothing,0.6666666666666667,0.0,0.02531645569620253
655,2023-06-13,CUST655,Female,0.8043478260869565,Clothing,0.0,1.0,0.24050632911392406
656,2023-10-04,CUST656,Male,0.23913043478260876,Beauty,0.6666666666666667,0.01052631578947369,0.032911392405063286
657,2023-02-11,CUST657,Male,0.4782608695652174,Clothing,0.0,0.0,0.0
658,2023-03-12,CUST658,Male,0.8913043478260869,Clothing,0.0,0.0,0.0
659,2023-03-19,CUST659,Female,0.4565217391304348,Electronics,0.0,0.01052631578947369,0.0025316455696202528
660,2023-04-29,CUST660,Female,0.4347826086956522,Beauty,0.3333333333333333,1.0,0.4936708860759494
661,2023-07-16,CUST661,Female,0.5652173913043479,Clothing,1.0,0.0,0.037974683544303806
662,2023-12-22,CUST662,Male,0.6521739130434783,Beauty,0.3333333333333333,1.0,0.4936708860759494
663,2023-03-20,CUST663,Male,0.10869565217391308,Clothing,1.0,0.5789473684210527,0.5949367088607596
664,2023-12-28,CUST664,Female,0.5652173913043479,Clothing,1.0,1.0,1.0
665,2023-04-20,CUST665,Male,0.8478260869565217,Clothing,0.0,0.05263157894736842,0.012658227848101267
666,2023-02-02,CUST666,Male,0.7173913043478262,Electronics,0.6666666666666667,0.05263157894736842,0.06329113924050633
667,2023-08-01,CUST667,Female,0.23913043478260876,Electronics,0.0,1.0,0.24050632911392406
668,2023-07-28,CUST668,Female,0.9565217391304348,Electronics,0.6666666666666667,0.05263157894736842,0.06329113924050633
669,2023-06-19,CUST669,Male,0.13043478260869568,Beauty,1.0,0.5789473684210527,0.5949367088607596
670,2023-10-05,CUST670,Male,0.19565217391304346,Beauty,0.0,0.01052631578947369,0.0025316455696202528
671,2023-08-27,CUST671,Male,0.9565217391304348,Electronics,0.6666666666666667,0.05263157894736842,0.06329113924050633
672,2023-08-01,CUST672,Female,0.34782608695652173,Beauty,0.3333333333333333,0.05263157894736842,0.037974683544303806
673,2023-02-01,CUST673,Female,0.5434782608695652,Clothing,0.6666666666666667,1.0,0.7468354430379748
674,2023-04-16,CUST674,Female,0.4347826086956522,Clothing,0.0,0.5789473684210527,0.13924050632911392
675,2023-08-04,CUST675,Female,0.5869565217391305,Clothing,0.3333333333333333,0.01052631578947369,0.017721518987341773
676,2023-07-19,CUST676,Male,0.9782608695652173,Electronics,0.6666666666666667,1.0,0.7468354430379748
677,2023-10-27,CUST677,Female,0.02173913043478265,Beauty,0.6666666666666667,1.0,0.7468354430379748
678,2023-12-23,CUST678,Female,0.9130434782608696,Electronics,0.6666666666666667,0.5789473684210527,0.44303797468354433
679,2023-01-11,CUST679,Female,0.0,Beauty,0.6666666666666667,0.01052631578947369,0.032911392405063286
680,2023-10-22,CUST680,Female,0.7608695652173914,Clothing,0.6666666666666667,0.5789473684210527,0.44303797468354433
681,2023-07-14,CUST681,Female,0.5434782608695652,Electronics,0.3333333333333333,0.01052631578947369,0.017721518987341773
682,2023-09-02,CUST682,Male,0.6086956521739131,Beauty,1.0,0.5789473684210527,0.5949367088607596
683,2023-01-04,CUST683,Male,0.4347826086956522,Beauty,0.3333333333333333,1.0,0.4936708860759494
684,2023-06-30,CUST684,Female,0.21739130434782616,Clothing,0.3333333333333333,1.0,0.4936708860759494
685,2023-06-02,CUST685,Male,0.8478260869565217,Electronics,0.3333333333333333,0.0,0.012658227848101267
686,2023-07-19,CUST686,Female,0.21739130434782616,Electronics,1.0,0.05263157894736842,0.08860759493670887
687,2023-08-03,CUST687,Female,0.7608695652173914,Electronics,0.0,0.5789473684210527,0.13924050632911392
688,2023-10-03,CUST688,Male,0.8260869565217392,Clothing,1.0,0.0,0.037974683544303806
689,2023-10-07,CUST689,Male,0.8478260869565217,Electronics,0.3333333333333333,0.05263157894736842,0.037974683544303806
690,2023-11-05,CUST690,Female,0.7391304347826086,Clothing,0.6666666666666667,0.5789473684210527,0.44303797468354433
691,2023-04-23,CUST691,Female,0.7173913043478262,Clothing,0.6666666666666667,0.01052631578947369,0.032911392405063286
692,2023-09-07,CUST692,Female,1.0,Clothing,0.3333333333333333,0.05263157894736842,0.037974683544303806
693,2023-04-23,CUST693,Male,0.5,Beauty,0.6666666666666667,1.0,0.7468354430379748
694,2023-05-20,CUST694,Female,0.4565217391304348,Electronics,0.3333333333333333,0.0,0.012658227848101267
695,2023-08-12,CUST695,Female,0.08695652173913049,Electronics,0.6666666666666667,0.05263157894736842,0.06329113924050633
696,2023-09-06,CUST696,Female,0.6956521739130435,Clothing,1.0,0.05263157894736842,0.08860759493670887
697,2023-01-15,CUST697,Male,0.7608695652173914,Clothing,0.0,1.0,0.24050632911392406
698,2023-07-19,CUST698,Female,1.0,Electronics,0.0,0.5789473684210527,0.13924050632911392
699,2023-06-22,CUST699,Female,0.4130434782608696,Clothing,1.0,0.01052631578947369,0.04810126582278482
700,2023-12-09,CUST700,Male,0.3913043478260869,Electronics,1.0,1.0,1.0
701,2023-12-14,CUST701,Female,0.7391304347826086,Beauty,0.3333333333333333,0.01052631578947369,0.017721518987341773
702,2023-07-27,CUST702,Female,0.9130434782608696,Clothing,0.3333333333333333,0.5789473684210527,0.2911392405063291
703,2023-03-26,CUST703,Male,0.34782608695652173,Electronics,0.3333333333333333,0.05263157894736842,0.037974683544303806
704,2023-08-28,CUST704,Female,0.9565217391304348,Clothing,0.6666666666666667,0.01052631578947369,0.032911392405063286
705,2023-03-07,CUST705,Male,0.9130434782608696,Electronics,0.3333333333333333,0.0,0.012658227848101267
706,2023-11-15,CUST706,Male,0.7173913043478262,Electronics,1.0,0.0,0.037974683544303806
707,2023-10-01,CUST707,Female,0.17391304347826086,Clothing,0.0,1.0,0.24050632911392406
708,2023-01-14,CUST708,Female,0.5434782608695652,Beauty,0.6666666666666667,0.5789473684210527,0.44303797468354433
709,2023-07-21,CUST709,Female,0.02173913043478265,Electronics,0.3333333333333333,1.0,0.4936708860759494
710,2023-10-31,CUST710,Female,0.17391304347826086,Electronics,0.6666666666666667,1.0,0.7468354430379748
711,2023-10-16,CUST711,Male,0.17391304347826086,Electronics,0.6666666666666667,1.0,0.7468354430379748
712,2023-12-06,CUST712,Female,0.8478260869565217,Beauty,0.3333333333333333,0.0,0.012658227848101267
713,2023-01-14,CUST713,Male,0.34782608695652173,Beauty,0.6666666666666667,0.0,0.02531645569620253
714,2023-02-12,CUST714,Female,0.0,Clothing,0.0,1.0,0.24050632911392406
715,2023-11-26,CUST715,Female,0.5217391304347826,Beauty,1.0,0.0,0.037974683544303806
716,2023-08-08,CUST716,Female,0.9130434782608696,Clothing,1.0,0.5789473684210527,0.5949367088607596
717,2023-03-11,CUST717,Male,0.8478260869565217,Clothing,0.0,1.0,0.24050632911392406
718,2023-08-25,CUST718,Female,0.8913043478260869,Beauty,0.6666666666666667,0.0,0.02531645569620253
719,2023-04-04,CUST719,Female,0.5217391304347826,Clothing,0.3333333333333333,0.01052631578947369,0.017721518987341773
720,2023-01-26,CUST720,Female,0.8260869565217392,Beauty,0.6666666666666667,1.0,0.7468354430379748
721,2023-05-14,CUST721,Female,0.7391304347826086,Clothing,0.0,1.0,0.24050632911392406
722,2023-07-14,CUST722,Male,0.043478260869565244,Beauty,0.6666666666666667,0.5789473684210527,0.44303797468354433
723,2023-06-17,CUST723,Female,0.7826086956521738,Beauty,1.0,0.05263157894736842,0.08860759493670887
724,2023-04-19,CUST724,Male,0.9347826086956521,Clothing,0.6666666666666667,0.05263157894736842,0.06329113924050633
725,2023-08-21,CUST725,Male,0.9347826086956521,Electronics,0.0,0.5789473684210527,0.13924050632911392
726,2023-06-17,CUST726,Male,0.6304347826086956,Clothing,1.0,0.5789473684210527,0.5949367088607596
727,2023-06-22,CUST727,Male,0.8043478260869565,Beauty,0.6666666666666667,0.5789473684210527,0.44303797468354433
728,2023-07-14,CUST728,Male,0.7173913043478262,Electronics,0.6666666666666667,0.05263157894736842,0.06329113924050633
729,2023-05-23,CUST729,Male,0.23913043478260876,Clothing,1.0,0.5789473684210527,0.5949367088607596
730,2023-08-04,CUST730,Female,0.3913043478260869,Clothing,0.3333333333333333,0.0,0.012658227848101267
731,2023-05-10,CUST731,Male,0.7826086956521738,Clothing,1.0,1.0,1.0
732,2023-02-11,CUST732,Male,0.9347826086956521,Electronics,0.3333333333333333,1.0,0.4936708860759494
733,2023-08-29,CUST733,Male,0.34782608695652173,Beauty,0.0,0.01052631578947369,0.0025316455696202528
734,2023-01-10,CUST734,Female,0.19565217391304346,Clothing,0.0,0.01052631578947369,0.0025316455696202528
735,2023-10-04,CUST735,Female,1.0,Clothing,1.0,1.0,1.0
736,2023-01-27,CUST736,Male,0.23913043478260876,Clothing,1.0,0.0,0.037974683544303806
737,2023-06-29,CUST737,Female,0.32608695652173914,Clothing,0.0,0.05263157894736842,0.012658227848101267
738,2023-04-25,CUST738,Male,0.5,Clothing,0.3333333333333333,0.05263157894736842,0.037974683544303806
739,2023-11-29,CUST739,Male,0.3913043478260869,Beauty,0.0,0.0,0.0
740,2023-02-05,CUST740,Female,0.15217391304347827,Beauty,1.0,0.05263157894736842,0.08860759493670887
741,2023-11-30,CUST741,Male,0.6521739130434783,Clothing,0.0,0.5789473684210527,0.13924050632911392
742,2023-01-21,CUST742,Female,0.4347826086956522,Electronics,1.0,1.0,1.0
743,2023-01-16,CUST743,Female,0.34782608695652173,Beauty,1.0,1.0,1.0
744,2023-05-07,CUST744,Male,0.4782608695652174,Electronics,0.0,0.0,0.0
745,2023-04-13,CUST745,Male,0.7826086956521738,Beauty,0.3333333333333333,0.05263157894736842,0.037974683544303806
746,2023-01-11,CUST746,Female,0.32608695652173914,Clothing,0.6666666666666667,0.01052631578947369,0.032911392405063286
747,2023-11-15,CUST747,Male,0.10869565217391308,Beauty,0.0,0.01052631578947369,0.0025316455696202528
748,2023-03-20,CUST748,Male,0.15217391304347827,Clothing,0.6666666666666667,0.05263157894736842,0.06329113924050633
749,2023-05-03,CUST749,Male,0.5217391304347826,Beauty,0.0,0.01052631578947369,0.0025316455696202528
750,2023-03-06,CUST750,Female,0.3695652173913043,Clothing,0.6666666666666667,0.0,0.02531645569620253
751,2023-08-31,CUST751,Female,0.5217391304347826,Clothing,0.3333333333333333,0.0,0.012658227848101267
752,2023-12-09,CUST752,Male,0.23913043478260876,Clothing,0.3333333333333333,0.05263157894736842,0.037974683544303806
753,2023-02-28,CUST753,Female,0.30434782608695654,Clothing,0.0,0.01052631578947369,0.0025316455696202528
754,2023-10-16,CUST754,Female,0.5434782608695652,Electronics,1.0,0.0,0.037974683544303806
755,2023-04-22,CUST755,Female,0.8695652173913044,Clothing,0.6666666666666667,0.0,0.02531645569620253
756,2023-08-27,CUST756,Female,0.9565217391304348,Electronics,1.0,0.5789473684210527,0.5949367088607596
757,2023-12-25,CUST757,Female,0.5434782608695652,Electronics,1.0,0.5789473684210527,0.5949367088607596
758,2023-05-12,CUST758,Male,1.0,Clothing,1.0,0.0,0.037974683544303806
759,2023-07-08,CUST759,Male,0.673913043478261,Electronics,0.3333333333333333,0.05263157894736842,0.037974683544303806
760,2023-03-27,CUST760,Male,0.19565217391304346,Beauty,0.0,1.0,0.24050632911392406
761,2023-11-07,CUST761,Female,0.32608695652173914,Clothing,0.0,1.0,0.24050632911392406
762,2023-11-07,CUST762,Female,0.13043478260869568,Electronics,0.3333333333333333,0.0,0.012658227848101267
763,2023-02-28,CUST763,Male,0.34782608695652173,Clothing,0.3333333333333333,0.0,0.012658227848101267
764,2023-03-25,CUST764,Female,0.4782608695652174,Clothing,0.0,0.0,0.0
765,2023-06-09,CUST765,Male,0.5434782608695652,Clothing,1.0,0.05263157894736842,0.08860759493670887
766,2023-02-25,CUST766,Male,0.4347826086956522,Electronics,0.6666666666666667,0.5789473684210527,0.44303797468354433
767,2023-10-24,CUST767,Male,0.4565217391304348,Beauty,0.6666666666666667,0.0,0.02531645569620253
768,2023-01-14,CUST768,Female,0.13043478260869568,Beauty,0.6666666666666667,0.0,0.02531645569620253
769,2023-06-09,CUST769,Female,0.28260869565217395,Electronics,1.0,0.01052631578947369,0.04810126582278482
770,2023-10-22,CUST770,Male,0.30434782608695654,Clothing,0.0,0.05263157894736842,0.012658227848101267
771,2023-12-13,CUST771,Male,0.13043478260869568,Electronics,0.3333333333333333,0.0,0.012658227848101267
772,2023-07-12,CUST772,Male,0.17391304347826086,Electronics,0.0,0.01052631578947369,0.0025316455696202528
773,2023-07-23,CUST773,Male,0.15217391304347827,Electronics,1.0,1.0,1.0
774,2023-04-12,CUST774,Female,0.4782608695652174,Clothing,0.3333333333333333,0.0,0.012658227848101267
775,2023-02-08,CUST775,Female,0.6086956521739131,Electronics,1.0,0.0,0.037974683544303806
776,2023-10-31,CUST776,Male,0.3695652173913043,Clothing,0.6666666666666667,0.01052631578947369,0.032911392405063286
777,2023-12-20,CUST777,Male,0.6521739130434783,Electronics,0.6666666666666667,0.05263157894736842,0.06329113924050633
778,2023-11-18,CUST778,Female,0.6304347826086956,Beauty,1.0,0.0,0.037974683544303806
779,2023-05-05,CUST779,Female,0.8260869565217392,Electronics,0.3333333333333333,1.0,0.4936708860759494
780,2023-02-22,CUST780,Male,0.7391304347826086,Electronics,0.3333333333333333,0.0,0.012658227848101267
781,2023-12-23,CUST781,Male,0.3695652173913043,Beauty,0.0,1.0,0.24050632911392406
782,2023-06-04,CUST782,Male,0.8913043478260869,Clothing,0.6666666666666667,0.5789473684210527,0.44303797468354433
783,2023-12-17,CUST783,Female,0.8260869565217392,Clothing,0.0,0.5789473684210527,0.13924050632911392
784,2023-11-04,CUST784,Female,0.34782608695652173,Electronics,0.0,1.0,0.24050632911392406
785,2023-03-03,CUST785,Female,0.28260869565217395,Beauty,1.0,0.05263157894736842,0.08860759493670887
786,2023-10-17,CUST786,Male,0.6521739130434783,Clothing,1.0,0.0,0.037974683544303806
787,2023-01-22,CUST787,Male,0.5,Electronics,0.0,0.0,0.0
788,2023-06-27,CUST788,Female,0.7391304347826086,Beauty,0.6666666666666667,0.5789473684210527,0.44303797468354433
789,2023-09-30,CUST789,Female,0.9347826086956521,Clothing,1.0,1.0,1.0
790,2023-08-08,CUST790,Male,0.9565217391304348,Clothing,0.0,0.0,0.0
791,2023-12-05,CUST791,Female,0.7173913043478262,Beauty,0.0,0.0,0.0
792,2023-07-09,CUST792,Female,0.043478260869565244,Beauty,0.0,0.05263157894736842,0.012658227848101267
793,2023-02-05,CUST793,Male,0.7826086956521738,Beauty,0.0,0.01052631578947369,0.0025316455696202528
794,2023-09-17,CUST794,Female,0.9130434782608696,Beauty,0.0,0.5789473684210527,0.13924050632911392
795,2023-11-28,CUST795,Male,0.8478260869565217,Electronics,0.0,0.5789473684210527,0.13924050632911392
796,2023-06-24,CUST796,Male,0.5434782608695652,Beauty,1.0,0.01052631578947369,0.04810126582278482
797,2023-01-07,CUST797,Male,0.4782608695652174,Clothing,0.6666666666666667,0.0,0.02531645569620253
798,2023-08-04,CUST798,Male,0.9347826086956521,Clothing,0.0,0.05263157894736842,0.012658227848101267
799,2023-09-08,CUST799,Male,0.8260869565217392,Electronics,0.3333333333333333,0.05263157894736842,0.037974683544303806
800,2023-02-24,CUST800,Male,0.30434782608695654,Clothing,1.0,0.5789473684210527,0.5949367088607596
801,2023-08-10,CUST801,Male,0.06521739130434784,Clothing,1.0,0.05263157894736842,0.08860759493670887
802,2023-07-05,CUST802,Female,0.6086956521739131,Beauty,0.0,0.01052631578947369,0.0025316455696202528
803,2023-11-22,CUST803,Male,0.4565217391304348,Clothing,1.0,0.0,0.037974683544303806
804,2023-08-24,CUST804,Male,0.5217391304347826,Electronics,0.0,0.01052631578947369,0.0025316455696202528
805,2023-12-29,CUST805,Female,0.26086956521739135,Beauty,0.6666666666666667,1.0,0.7468354430379748
806,2023-03-20,CUST806,Female,0.3695652173913043,Beauty,0.6666666666666667,0.5789473684210527,0.44303797468354433
807,2023-08-11,CUST807,Female,0.6956521739130435,Electronics,1.0,0.05263157894736842,0.08860759493670887
808,2023-04-01,CUST808,Male,0.32608695652173914,Beauty,1.0,1.0,1.0
809,2023-09-25,CUST809,Female,0.9565217391304348,Beauty,0.3333333333333333,0.05263157894736842,0.037974683544303806
810,2023-11-30,CUST810,Male,0.8913043478260869,Electronics,1.0,0.0,0.037974683544303806
811,2023-05-19,CUST811,Male,0.9347826086956521,Beauty,0.3333333333333333,0.0,0.012658227848101267
812,2023-11-12,CUST812,Male,0.02173913043478265,Electronics,0.6666666666666667,0.0,0.02531645569620253
813,2023-10-03,CUST813,Male,0.7391304347826086,Electronics,0.6666666666666667,0.05263157894736842,0.06329113924050633
814,2023-09-05,CUST814,Female,0.8913043478260869,Clothing,0.0,1.0,0.24050632911392406
815,2023-08-27,CUST815,Female,0.7173913043478262,Clothing,0.6666666666666667,0.0,0.02531645569620253
816,2023-08-12,CUST816,Male,0.6304347826086956,Beauty,0.3333333333333333,1.0,0.4936708860759494
817,2023-10-31,CUST817,Male,0.26086956521739135,Beauty,1.0,0.05263157894736842,0.08860759493670887
818,2023-05-18,CUST818,Male,0.26086956521739135,Electronics,0.0,1.0,0.24050632911392406
819,2023-06-15,CUST819,Female,0.3695652173913043,Beauty,0.3333333333333333,0.05263157894736842,0.037974683544303806
820,2023-05-06,CUST820,Male,0.673913043478261,Electronics,1.0,0.05263157894736842,0.08860759493670887
821,2023-02-14,CUST821,Male,0.673913043478261,Electronics,0.0,0.5789473684210527,0.13924050632911392
822,2023-05-23,CUST822,Female,0.7391304347826086,Beauty,0.6666666666666667,0.05263157894736842,0.06329113924050633
823,2023-08-19,CUST823,Female,0.8260869565217392,Electronics,0.3333333333333333,0.05263157894736842,0.037974683544303806
824,2023-05-05,CUST824,Male,0.9782608695652173,Clothing,1.0,0.01052631578947369,0.04810126582278482
825,2023-08-26,CUST825,Female,0.6086956521739131,Beauty,0.0,0.0,0.0
826,2023-10-19,CUST826,Female,0.6086956521739131,Clothing,0.0,0.5789473684210527,0.13924050632911392
827,2023-11-09,CUST827,Male,0.9347826086956521,Beauty,0.6666666666666667,0.5789473684210527,0.44303797468354433
828,2023-12-09,CUST828,Female,0.32608695652173914,Electronics,1.0,0.5789473684210527,0.5949367088607596
829,2023-07-14,CUST829,Male,0.9347826086956521,Beauty,0.6666666666666667,0.01052631578947369,0.032911392405063286
830,2023-06-22,CUST830,Female,1.0,Clothing,0.6666666666666667,0.05263157894736842,0.06329113924050633
831,2023-01-15,CUST831,Male,0.19565217391304346,Electronics,1.0,0.0,0.037974683544303806
832,2023-09-11,CUST832,Male,0.6304347826086956,Beauty,1.0,1.0,1.0
833,2023-06-16,CUST833,Male,0.5217391304347826,Beauty,1.0,0.05263157894736842,0.08860759493670887
834,2023-04-04,CUST834,Female,0.8260869565217392,Beauty,0.3333333333333333,0.01052631578947369,0.017721518987341773
835,2023-09-07,CUST835,Male,0.4130434782608696,Clothing,1.0,0.05263157894736842,0.08860759493670887
836,2023-04-19,CUST836,Female,0.08695652173913049,Clothing,0.0,0.05263157894736842,0.012658227848101267
837,2023-07-01,CUST837,Male,0.0,Beauty,0.6666666666666667,0.01052631578947369,0.032911392405063286
838,2023-05-13,CUST838,Male,0.6304347826086956,Electronics,0.3333333333333333,0.5789473684210527,0.2911392405063291
839,2023-06-24,CUST839,Female,0.043478260869565244,Electronics,1.0,0.5789473684210527,0.5949367088607596
840,2023-05-24,CUST840,Male,0.9565217391304348,Clothing,0.3333333333333333,0.0,0.012658227848101267
841,2023-11-02,CUST841,Male,0.28260869565217395,Electronics,1.0,0.0,0.037974683544303806
842,2023-12-26,CUST842,Female,0.6304347826086956,Clothing,0.3333333333333333,0.5789473684210527,0.2911392405063291
843,2023-05-22,CUST843,Male,0.06521739130434784,Beauty,0.6666666666666667,1.0,0.7468354430379748
844,2023-10-12,CUST844,Male,0.3695652173913043,Clothing,0.6666666666666667,0.05263157894736842,0.06329113924050633
845,2023-01-06,CUST845,Male,0.7826086956521738,Clothing,0.0,1.0,0.24050632911392406
846,2023-09-22,CUST846,Male,0.5217391304347826,Beauty,0.0,0.05263157894736842,0.012658227848101267
847,2023-04-08,CUST847,Female,0.0,Electronics,1.0,0.5789473684210527,0.5949367088607596
848,2023-02-13,CUST848,Female,0.9782608695652173,Clothing,0.6666666666666667,0.0,0.02531645569620253
849,2023-05-04,CUST849,Male,0.30434782608695654,Clothing,0.3333333333333333,0.0,0.012658227848101267
850,2023-07-28,CUST850,Female,0.17391304347826086,Beauty,0.3333333333333333,1.0,0.4936708860759494
851,2023-09-08,CUST851,Male,0.30434782608695654,Electronics,0.3333333333333333,0.0,0.012658227848101267
852,2023-10-12,CUST852,Female,0.5,Clothing,0.0,0.5789473684210527,0.13924050632911392
853,2023-05-04,CUST853,Male,0.06521739130434784,Beauty,0.3333333333333333,1.0,0.4936708860759494
854,2023-12-20,CUST854,Male,0.23913043478260876,Clothing,0.0,0.05263157894736842,0.012658227848101267
855,2023-09-01,CUST855,Male,0.7826086956521738,Beauty,0.0,0.0,0.0
856,2023-11-27,CUST856,Male,0.7826086956521738,Electronics,1.0,0.01052631578947369,0.04810126582278482
857,2023-12-31,CUST857,Male,0.9130434782608696,Electronics,0.3333333333333333,0.0,0.012658227848101267
858,2023-09-09,CUST858,Male,0.10869565217391308,Electronics,0.3333333333333333,0.05263157894736842,0.037974683544303806
859,2023-08-18,CUST859,Female,0.8260869565217392,Electronics,0.6666666666666667,1.0,0.7468354430379748
860,2023-01-09,CUST860,Male,0.9782608695652173,Clothing,1.0,0.05263157894736842,0.08860759493670887
861,2023-02-17,CUST861,Female,0.5,Clothing,0.6666666666666667,0.01052631578947369,0.032911392405063286
862,2023-05-31,CUST862,Male,0.21739130434782616,Electronics,1.0,0.5789473684210527,0.5949367088607596
863,2023-04-24,CUST863,Female,0.26086956521739135,Electronics,0.3333333333333333,0.0,0.012658227848101267
864,2023-07-27,CUST864,Female,0.7173913043478262,Electronics,0.0,1.0,0.24050632911392406
865,2023-12-21,CUST865,Female,0.5217391304347826,Clothing,0.0,0.5789473684210527,0.13924050632911392
866,2023-05-05,CUST866,Male,0.13043478260869568,Electronics,0.0,0.05263157894736842,0.012658227848101267
867,2023-06-06,CUST867,Male,0.06521739130434784,Electronics,0.0,1.0,0.24050632911392406
868,2023-12-06,CUST868,Female,0.15217391304347827,Electronics,0.0,0.5789473684210527,0.13924050632911392
869,2023-10-25,CUST869,Male,0.4130434782608696,Beauty,0.6666666666666667,1.0,0.7468354430379748
870,2023-07-08,CUST870,Female,0.6086956521739131,Electronics,1.0,0.01052631578947369,0.04810126582278482
871,2023-08-31,CUST871,Male,0.9565217391304348,Beauty,0.3333333333333333,0.01052631578947369,0.017721518987341773
872,2023-10-11,CUST872,Female,0.9782608695652173,Beauty,0.6666666666666667,0.0,0.02531645569620253
873,2023-09-29,CUST873,Female,0.19565217391304346,Electronics,1.0,0.0,0.037974683544303806
874,2023-06-26,CUST874,Male,0.9130434782608696,Beauty,0.0,0.01052631578947369,0.0025316455696202528
875,2023-08-06,CUST875,Female,0.7173913043478262,Electronics,1.0,1.0,1.0
876,2023-10-09,CUST876,Male,0.5434782608695652,Clothing,1.0,0.01052631578947369,0.04810126582278482
877,2023-06-19,CUST877,Female,0.8695652173913044,Clothing,0.0,0.0,0.0
878,2023-06-30,CUST878,Female,0.043478260869565244,Clothing,0.0,0.01052631578947369,0.0025316455696202528
879,2023-12-26,CUST879,Male,0.10869565217391308,Clothing,0.0,0.01052631578947369,0.0025316455696202528
880,2023-08-21,CUST880,Male,0.08695652173913049,Beauty,0.3333333333333333,1.0,0.4936708860759494
881,2023-05-19,CUST881,Male,0.08695652173913049,Electronics,0.0,0.5789473684210527,0.13924050632911392
882,2023-06-06,CUST882,Female,1.0,Electronics,0.3333333333333333,0.0,0.012658227848101267
883,2023-05-09,CUST883,Male,0.4782608695652174,Electronics,0.0,1.0,0.24050632911392406
884,2023-04-29,CUST884,Female,0.17391304347826086,Clothing,0.3333333333333333,0.01052631578947369,0.017721518987341773
885,2023-03-03,CUST885,Female,0.7391304347826086,Clothing,1.0,0.01052631578947369,0.04810126582278482
886,2023-04-09,CUST886,Male,0.4130434782608696,Electronics,0.6666666666666667,0.5789473684210527,0.44303797468354433
887,2023-06-11,CUST887,Male,0.8913043478260869,Clothing,1.0,0.0,0.037974683544303806
888,2023-03-03,CUST888,Female,0.7391304347826086,Electronics,1.0,0.0,0.037974683544303806
889,2023-10-02,CUST889,Female,0.3695652173913043,Electronics,0.0,0.05263157894736842,0.012658227848101267
890,2023-12-20,CUST890,Male,0.34782608695652173,Electronics,0.3333333333333333,0.0,0.012658227848101267
891,2023-04-05,CUST891,Male,0.5,Electronics,0.6666666666666667,0.5789473684210527,0.44303797468354433
892,2023-04-09,CUST892,Male,0.043478260869565244,Electronics,0.0,0.05263157894736842,0.012658227848101267
893,2023-04-21,CUST893,Male,0.673913043478261,Electronics,0.0,0.05263157894736842,0.012658227848101267
894,2023-09-05,CUST894,Male,0.7391304347826086,Electronics,0.0,0.01052631578947369,0.0025316455696202528
895,2023-05-22,CUST895,Female,0.8043478260869565,Clothing,1.0,0.01052631578947369,0.04810126582278482
896,2023-10-29,CUST896,Female,0.26086956521739135,Electronics,0.3333333333333333,0.0,0.012658227848101267
897,2023-09-26,CUST897,Female,1.0,Electronics,0.3333333333333333,0.05263157894736842,0.037974683544303806
898,2023-11-02,CUST898,Female,0.5217391304347826,Clothing,0.6666666666666667,0.01052631578947369,0.032911392405063286
899,2023-05-25,CUST899,Male,0.17391304347826086,Clothing,0.3333333333333333,0.5789473684210527,0.2911392405063291
900,2023-02-21,CUST900,Male,0.06521739130434784,Clothing,0.3333333333333333,0.01052631578947369,0.017721518987341773
901,2023-04-10,CUST901,Male,0.28260869565217395,Electronics,0.0,0.01052631578947369,0.0025316455696202528
902,2023-06-01,CUST902,Female,0.7826086956521738,Beauty,0.0,0.05263157894736842,0.012658227848101267
903,2023-04-27,CUST903,Female,0.7173913043478262,Beauty,1.0,0.05263157894736842,0.08860759493670887
904,2023-07-04,CUST904,Male,0.21739130434782616,Clothing,0.0,1.0,0.24050632911392406
905,2023-04-02,CUST905,Male,0.8695652173913044,Beauty,0.0,0.5789473684210527,0.13924050632911392
906,2023-06-04,CUST906,Female,0.043478260869565244,Clothing,0.0,0.05263157894736842,0.012658227848101267
907,2023-01-08,CUST907,Female,0.5869565217391305,Electronics,0.0,0.0,0.0
908,2023-12-29,CUST908,Male,0.6086956521739131,Beauty,1.0,0.5789473684210527,0.5949367088607596
909,2023-10-01,CUST909,Male,0.17391304347826086,Electronics,0.0,0.5789473684210527,0.13924050632911392
910,2023-03-06,CUST910,Female,0.043478260869565244,Beauty,0.6666666666666667,0.05263157894736842,0.06329113924050633
911,2023-05-21,CUST911,Male,0.5217391304347826,Electronics,0.6666666666666667,0.5789473684210527,0.44303797468354433
912,2023-01-24,CUST912,Male,0.7173913043478262,Beauty,0.6666666666666667,0.05263157894736842,0.06329113924050633
913,2023-01-28,CUST913,Male,0.23913043478260876,Electronics,0.6666666666666667,0.01052631578947369,0.032911392405063286
914,2023-10-11,CUST914,Female,0.8913043478260869,Electronics,0.0,1.0,0.24050632911392406
915,2023-05-30,CUST915,Female,0.17391304347826086,Beauty,0.6666666666666667,0.01052631578947369,0.032911392405063286
916,2023-12-24,CUST916,Female,0.30434782608695654,Electronics,0.0,0.05263157894736842,0.012658227848101267
917,2023-03-06,CUST917,Female,0.8478260869565217,Electronics,1.0,0.05263157894736842,0.08860759493670887
918,2023-11-23,CUST918,Female,0.5217391304347826,Electronics,0.6666666666666667,0.01052631578947369,0.032911392405063286
919,2023-09-09,CUST919,Female,0.08695652173913049,Beauty,0.3333333333333333,0.0,0.012658227848101267
920,2023-02-22,CUST920,Female,0.21739130434782616,Beauty,0.6666666666666667,0.0,0.02531645569620253
921,2023-01-07,CUST921,Male,0.7173913043478262,Electronics,0.6666666666666667,0.0,0.02531645569620253
922,2023-10-21,CUST922,Male,0.5,Electronics,0.0,0.05263157894736842,0.012658227848101267
923,2023-05-26,CUST923,Male,0.30434782608695654,Beauty,0.6666666666666667,0.5789473684210527,0.44303797468354433
924,2023-08-29,CUST924,Male,0.8043478260869565,Beauty,0.3333333333333333,0.05263157894736842,0.037974683544303806
925,2023-09-03,CUST925,Male,0.15217391304347827,Electronics,0.0,0.5789473684210527,0.13924050632911392
926,2023-08-14,CUST926,Male,0.08695652173913049,Electronics,0.0,0.01052631578947369,0.0025316455696202528
927,2023-06-24,CUST927,Male,0.5434782608695652,Electronics,1.0,1.0,1.0
928,2023-04-05,CUST928,Female,0.3695652173913043,Clothing,1.0,0.5789473684210527,0.5949367088607596
929,2023-01-27,CUST929,Female,0.10869565217391308,Beauty,0.6666666666666667,0.0,0.02531645569620253
930,2023-05-10,CUST930,Male,0.7826086956521738,Clothing,1.0,0.05263157894736842,0.08860759493670887
931,2023-09-02,CUST931,Male,0.26086956521739135,Beauty,1.0,0.01052631578947369,0.04810126582278482
932,2023-02-28,CUST932,Female,0.5869565217391305,Beauty,1.0,0.0,0.037974683544303806
933,2023-02-03,CUST933,Male,0.08695652173913049,Beauty,0.0,0.01052631578947369,0.0025316455696202528
934,2023-07-25,CUST934,Male,0.26086956521739135,Beauty,0.0,1.0,0.24050632911392406
935,2023-09-09,CUST935,Female,0.34782608695652173,Beauty,0.0,0.05263157894736842,0.012658227848101267
936,2023-02-07,CUST936,Male,0.8478260869565217,Beauty,1.0,0.05263157894736842,0.08860759493670887
937,2023-10-23,CUST937,Female,0.9565217391304348,Beauty,0.0,1.0,0.24050632911392406
938,2023-11-19,CUST938,Male,0.673913043478261,Clothing,1.0,0.05263157894736842,0.08860759493670887
939,2023-12-18,CUST939,Female,0.6086956521739131,Electronics,0.0,0.5789473684210527,0.13924050632911392
940,2023-01-28,CUST940,Female,0.043478260869565244,Electronics,0.0,0.01052631578947369,0.0025316455696202528
941,2023-03-19,CUST941,Female,0.8478260869565217,Clothing,0.3333333333333333,0.0,0.012658227848101267
942,2023-03-18,CUST942,Male,0.7173913043478262,Clothing,0.6666666666666667,1.0,0.7468354430379748
943,2023-10-16,CUST943,Female,0.8478260869565217,Clothing,1.0,0.5789473684210527,0.5949367088607596
944,2023-06-05,CUST944,Male,0.5652173913043479,Clothing,0.3333333333333333,0.0,0.012658227848101267
945,2023-02-13,CUST945,Male,0.26086956521739135,Beauty,0.0,0.0,0.0
946,2023-05-08,CUST946,Male,0.9565217391304348,Electronics,1.0,1.0,1.0
947,2023-03-02,CUST947,Male,0.6956521739130435,Beauty,0.0,0.5789473684210527,0.13924050632911392
948,2023-10-13,CUST948,Female,0.10869565217391308,Electronics,0.6666666666666667,0.0,0.02531645569620253
949,2023-08-02,CUST949,Female,0.5,Electronics,0.3333333333333333,0.0,0.012658227848101267
950,2023-11-07,CUST950,Male,0.3913043478260869,Clothing,0.6666666666666667,0.5789473684210527,0.44303797468354433
951,2023-11-02,CUST951,Male,0.32608695652173914,Beauty,0.3333333333333333,0.05263157894736842,0.037974683544303806
952,2023-11-13,CUST952,Female,0.8478260869565217,Clothing,0.0,0.0,0.0
953,2023-04-26,CUST953,Male,0.5869565217391305,Beauty,0.6666666666666667,0.01052631578947369,0.032911392405063286
954,2023-09-25,CUST954,Female,0.6956521739130435,Electronics,0.6666666666666667,0.5789473684210527,0.44303797468354433
955,2023-07-14,CUST955,Male,0.8695652173913044,Clothing,0.0,0.0,0.0
956,2023-08-19,CUST956,Male,0.26086956521739135,Clothing,0.6666666666666667,1.0,0.7468354430379748
957,2023-08-15,CUST957,Female,0.9130434782608696,Electronics,1.0,0.01052631578947369,0.04810126582278482
958,2023-06-02,CUST958,Male,0.9565217391304348,Electronics,0.3333333333333333,0.0,0.012658227848101267
959,2023-10-29,CUST959,Female,0.5217391304347826,Electronics,0.3333333333333333,0.01052631578947369,0.017721518987341773
960,2023-08-08,CUST960,Male,0.8913043478260869,Clothing,0.3333333333333333,0.01052631578947369,0.017721518987341773
961,2023-06-06,CUST961,Male,0.7608695652173914,Beauty,1.0,0.05263157894736842,0.08860759493670887
962,2023-10-19,CUST962,Male,0.5652173913043479,Clothing,0.3333333333333333,0.01052631578947369,0.017721518987341773
963,2023-11-14,CUST963,Female,0.8043478260869565,Beauty,0.0,0.05263157894736842,0.012658227848101267
964,2023-01-31,CUST964,Male,0.13043478260869568,Clothing,0.6666666666666667,0.5789473684210527,0.44303797468354433
965,2023-11-09,CUST965,Male,0.08695652173913049,Clothing,1.0,0.05263157894736842,0.08860759493670887
966,2023-02-20,CUST966,Male,0.9130434782608696,Electronics,0.3333333333333333,1.0,0.4936708860759494
967,2023-04-17,CUST967,Male,0.9565217391304348,Beauty,0.0,0.0,0.0
968,2023-11-17,CUST968,Female,0.6521739130434783,Clothing,0.6666666666666667,0.5789473684210527,0.44303797468354433
969,2023-04-19,CUST969,Female,0.4782608695652174,Clothing,0.6666666666666667,0.5789473684210527,0.44303797468354433
970,2023-05-16,CUST970,Male,0.8913043478260869,Electronics,1.0,1.0,1.0
971,2023-12-05,CUST971,Female,0.19565217391304346,Electronics,1.0,0.05263157894736842,0.08860759493670887
972,2023-02-11,CUST972,Male,0.673913043478261,Beauty,1.0,0.0,0.037974683544303806
973,2023-03-22,CUST973,Male,0.9130434782608696,Clothing,0.0,0.05263157894736842,0.012658227848101267
974,2023-05-03,CUST974,Male,0.6304347826086956,Beauty,0.0,0.01052631578947369,0.0025316455696202528
975,2023-03-30,CUST975,Female,0.8260869565217392,Clothing,1.0,0.05263157894736842,0.08860759493670887
976,2023-10-10,CUST976,Female,0.6521739130434783,Beauty,0.3333333333333333,0.5789473684210527,0.2911392405063291
977,2023-02-08,CUST977,Female,0.3695652173913043,Electronics,0.6666666666666667,0.0,0.02531645569620253
978,2023-03-22,CUST978,Female,0.7608695652173914,Clothing,0.6666666666666667,0.05263157894736842,0.06329113924050633
979,2023-01-02,CUST979,Female,0.02173913043478265,Beauty,0.0,0.0,0.0
980,2023-07-29,CUST980,Female,0.28260869565217395,Electronics,0.6666666666666667,0.0,0.02531645569620253
981,2023-08-19,CUST981,Female,0.26086956521739135,Electronics,0.3333333333333333,0.01052631578947369,0.017721518987341773
982,2023-12-19,CUST982,Female,0.6086956521739131,Beauty,0.6666666666666667,0.01052631578947369,0.032911392405063286
983,2023-11-01,CUST983,Female,0.23913043478260876,Clothing,0.0,0.5789473684210527,0.13924050632911392
984,2023-08-29,CUST984,Male,0.8260869565217392,Clothing,0.0,1.0,0.24050632911392406
985,2023-05-30,CUST985,Female,0.02173913043478265,Electronics,0.3333333333333333,0.0,0.012658227848101267
986,2023-01-17,CUST986,Female,0.673913043478261,Clothing,0.3333333333333333,1.0,0.4936708860759494
987,2023-04-29,CUST987,Female,0.26086956521739135,Clothing,0.6666666666666667,0.5789473684210527,0.44303797468354433
988,2023-05-28,CUST988,Female,0.9782608695652173,Clothing,0.6666666666666667,0.0,0.02531645569620253
989,2023-12-28,CUST989,Female,0.5652173913043479,Electronics,0.0,0.0,0.0
990,2023-05-25,CUST990,Female,0.8695652173913044,Beauty,0.3333333333333333,1.0,0.4936708860759494
991,2023-12-26,CUST991,Female,0.34782608695652173,Clothing,0.3333333333333333,0.05263157894736842,0.037974683544303806
992,2023-08-21,CUST992,Female,0.8478260869565217,Electronics,0.3333333333333333,0.01052631578947369,0.017721518987341773
993,2023-02-06,CUST993,Female,0.6521739130434783,Electronics,0.6666666666666667,0.05263157894736842,0.06329113924050633
994,2023-12-18,CUST994,Female,0.7173913043478262,Beauty,0.3333333333333333,1.0,0.4936708860759494
995,2023-04-30,CUST995,Female,0.5,Clothing,0.0,0.01052631578947369,0.0025316455696202528
996,2023-05-16,CUST996,Male,0.9565217391304348,Clothing,0.0,0.05263157894736842,0.012658227848101267
997,2023-11-17,CUST997,Male,0.7391304347826086,Beauty,0.6666666666666667,0.01052631578947369,0.032911392405063286
998,2023-10-29,CUST998,Female,0.10869565217391308,Beauty,1.0,0.0,0.037974683544303806
999,2023-12-05,CUST999,Female,0.3913043478260869,Electronics,0.6666666666666667,0.05263157894736842,0.06329113924050633
1000,2023-04-12,CUST1000,Male,0.6304347826086956,Electronics,1.0,0.01052631578947369,0.04810126582278482
